--------------------------------------------------------
--  파일이 생성됨 - 월요일-10월-14-2024   
--------------------------------------------------------
--------------------------------------------------------
--  DDL for Table TBL_AUCTION
--------------------------------------------------------

  CREATE TABLE "ADMIN"."TBL_AUCTION" 
   (	"AUCTION_NO" NUMBER(*,0), 
	"AUCTION_TITLE" VARCHAR2(100 BYTE), 
	"AUCTION_PRICE" NUMBER(*,0), 
	"AUCTION_PRICE_CURRENT" NUMBER, 
	"USER_ID" VARCHAR2(80 BYTE), 
	"START_DAY" DATE, 
	"END_DAY" DATE, 
	"AUCTION_CDATETIME" DATE, 
	"AUCTION_UDATETIME" DATE, 
	"AUCTION_CONTENTS" VARCHAR2(500 BYTE), 
	"AUCTION_CONTENTS_IMG_PATH" VARCHAR2(100 BYTE), 
	"AUCTION_CONTENTS_IMG_NAME" VARCHAR2(50 BYTE), 
	"AUCTION_STATUS" CHAR(1 BYTE)
   ) SEGMENT CREATION IMMEDIATE 
  PCTFREE 10 PCTUSED 40 INITRANS 1 MAXTRANS 255 
 NOCOMPRESS LOGGING
  STORAGE(INITIAL 65536 NEXT 1048576 MINEXTENTS 1 MAXEXTENTS 2147483645
  PCTINCREASE 0 FREELISTS 1 FREELIST GROUPS 1
  BUFFER_POOL DEFAULT FLASH_CACHE DEFAULT CELL_FLASH_CACHE DEFAULT)
  TABLESPACE "USERS" ;
--------------------------------------------------------
--  DDL for Table TBL_AUCTION_BIDDING
--------------------------------------------------------

  CREATE TABLE "ADMIN"."TBL_AUCTION_BIDDING" 
   (	"AUCTION_BIDDING_NO" NUMBER(*,0) DEFAULT "ADMIN"."AUCTION_BIDDING_SEQ"."NEXTVAL", 
	"AUCTION_NO" NUMBER(*,0), 
	"USER_ID" VARCHAR2(50 BYTE), 
	"AUCTION_BIDDING_PRICE" NUMBER(*,0), 
	"AUCTION_BIDDING_DATE" DATE DEFAULT SYSDATE
   ) SEGMENT CREATION IMMEDIATE 
  PCTFREE 10 PCTUSED 40 INITRANS 1 MAXTRANS 255 
 NOCOMPRESS LOGGING
  STORAGE(INITIAL 65536 NEXT 1048576 MINEXTENTS 1 MAXEXTENTS 2147483645
  PCTINCREASE 0 FREELISTS 1 FREELIST GROUPS 1
  BUFFER_POOL DEFAULT FLASH_CACHE DEFAULT CELL_FLASH_CACHE DEFAULT)
  TABLESPACE "USERS" ;
--------------------------------------------------------
--  DDL for Table TBL_AUCTION_IMG
--------------------------------------------------------

  CREATE TABLE "ADMIN"."TBL_AUCTION_IMG" 
   (	"AUCTION_IMG_NO" NUMBER(*,0), 
	"AUCTION_NO" NUMBER(*,0), 
	"AUCTION_IMG_NAME" VARCHAR2(80 BYTE), 
	"AUCTION_IMG_ORG_NAME" VARCHAR2(80 BYTE), 
	"AUCTION_IMG_SIZE" VARCHAR2(80 BYTE), 
	"AUCTION_IMG_PATH" VARCHAR2(80 BYTE)
   ) SEGMENT CREATION IMMEDIATE 
  PCTFREE 10 PCTUSED 40 INITRANS 1 MAXTRANS 255 
 NOCOMPRESS LOGGING
  STORAGE(INITIAL 65536 NEXT 1048576 MINEXTENTS 1 MAXEXTENTS 2147483645
  PCTINCREASE 0 FREELISTS 1 FREELIST GROUPS 1
  BUFFER_POOL DEFAULT FLASH_CACHE DEFAULT CELL_FLASH_CACHE DEFAULT)
  TABLESPACE "USERS" ;
--------------------------------------------------------
--  DDL for Table TBL_CLASS
--------------------------------------------------------

  CREATE TABLE "ADMIN"."TBL_CLASS" 
   (	"CLASS_NO" NUMBER, 
	"CLASS_NAME" VARCHAR2(50 BYTE), 
	"PRICE" VARCHAR2(20 BYTE), 
	"NUMBER_LIMIT" NUMBER(*,0), 
	"CLASS_DATE" DATE, 
	"START_DAY" DATE, 
	"END_DAY" DATE, 
	"DESCRIPTION" VARCHAR2(1500 BYTE)
   ) SEGMENT CREATION IMMEDIATE 
  PCTFREE 10 PCTUSED 40 INITRANS 1 MAXTRANS 255 
 NOCOMPRESS LOGGING
  STORAGE(INITIAL 65536 NEXT 1048576 MINEXTENTS 1 MAXEXTENTS 2147483645
  PCTINCREASE 0 FREELISTS 1 FREELIST GROUPS 1
  BUFFER_POOL DEFAULT FLASH_CACHE DEFAULT CELL_FLASH_CACHE DEFAULT)
  TABLESPACE "SYSTEM" ;
--------------------------------------------------------
--  DDL for Table TBL_CUSTOM
--------------------------------------------------------

  CREATE TABLE "ADMIN"."TBL_CUSTOM" 
   (	"CUSTOM_NO" NUMBER, 
	"PRODUCT_NO" NUMBER, 
	"PRODUCT_NAME" VARCHAR2(100 BYTE), 
	"USER_ID" VARCHAR2(100 BYTE), 
	"CUSTOM_CON" VARCHAR2(20 BYTE)
   ) SEGMENT CREATION IMMEDIATE 
  PCTFREE 10 PCTUSED 40 INITRANS 1 MAXTRANS 255 
 NOCOMPRESS LOGGING
  STORAGE(INITIAL 65536 NEXT 1048576 MINEXTENTS 1 MAXEXTENTS 2147483645
  PCTINCREASE 0 FREELISTS 1 FREELIST GROUPS 1
  BUFFER_POOL DEFAULT FLASH_CACHE DEFAULT CELL_FLASH_CACHE DEFAULT)
  TABLESPACE "USERS" ;
--------------------------------------------------------
--  DDL for Table TBL_DELIVERY_CATE
--------------------------------------------------------

  CREATE TABLE "ADMIN"."TBL_DELIVERY_CATE" 
   (	"CATE_NO" NUMBER DEFAULT 0, 
	"CATE_NAME" VARCHAR2(20 BYTE) DEFAULT '배송준비중'
   ) SEGMENT CREATION IMMEDIATE 
  PCTFREE 10 PCTUSED 40 INITRANS 1 MAXTRANS 255 
 NOCOMPRESS LOGGING
  STORAGE(INITIAL 65536 NEXT 1048576 MINEXTENTS 1 MAXEXTENTS 2147483645
  PCTINCREASE 0 FREELISTS 1 FREELIST GROUPS 1
  BUFFER_POOL DEFAULT FLASH_CACHE DEFAULT CELL_FLASH_CACHE DEFAULT)
  TABLESPACE "USERS" ;
--------------------------------------------------------
--  DDL for Table TBL_DESIGN
--------------------------------------------------------

  CREATE TABLE "ADMIN"."TBL_DESIGN" 
   (	"DESIGN_NO" NUMBER, 
	"USER_ID" VARCHAR2(50 BYTE), 
	"DESIGN_TITLE" VARCHAR2(100 BYTE), 
	"DESIGN_CONTENTS" VARCHAR2(500 BYTE), 
	"DESIGN_IMG_PATH" VARCHAR2(100 BYTE), 
	"DESIGN_IMG_NAME" VARCHAR2(100 BYTE), 
	"DESIGN_CHOICE" VARCHAR2(20 BYTE), 
	"DESIGN_CDATETIME" DATE DEFAULT SYSDATE -- 기본값으로 현재 날짜

   ) SEGMENT CREATION IMMEDIATE 
  PCTFREE 10 PCTUSED 40 INITRANS 1 MAXTRANS 255 
 NOCOMPRESS LOGGING
  STORAGE(INITIAL 65536 NEXT 1048576 MINEXTENTS 1 MAXEXTENTS 2147483645
  PCTINCREASE 0 FREELISTS 1 FREELIST GROUPS 1
  BUFFER_POOL DEFAULT FLASH_CACHE DEFAULT CELL_FLASH_CACHE DEFAULT)
  TABLESPACE "USERS" ;
--------------------------------------------------------
--  DDL for Table TBL_DESIGN_LIKE
--------------------------------------------------------

  CREATE TABLE "ADMIN"."TBL_DESIGN_LIKE" 
   (	"LIKE_NO" NUMBER, 
	"DESIGN_NO" VARCHAR2(200 BYTE), 
	"USER_ID" VARCHAR2(50 BYTE)
   ) SEGMENT CREATION IMMEDIATE 
  PCTFREE 10 PCTUSED 40 INITRANS 1 MAXTRANS 255 
 NOCOMPRESS LOGGING
  STORAGE(INITIAL 65536 NEXT 1048576 MINEXTENTS 1 MAXEXTENTS 2147483645
  PCTINCREASE 0 FREELISTS 1 FREELIST GROUPS 1
  BUFFER_POOL DEFAULT FLASH_CACHE DEFAULT CELL_FLASH_CACHE DEFAULT)
  TABLESPACE "USERS" ;
--------------------------------------------------------
--  DDL for Table TBL_MILEAGE
--------------------------------------------------------

  CREATE TABLE "ADMIN"."TBL_MILEAGE" 
   (	"MILEAGE_NO" NUMBER, 
	"USER_ID" VARCHAR2(20 BYTE), 
	"MILEAGE_NAME" VARCHAR2(100 BYTE), 
	"MILEAGE_PRICE" NUMBER, 
	"MILEAGE_STATUS" VARCHAR2(20 BYTE), 
	"CDATETIME" DATE DEFAULT SYSDATE
   ) SEGMENT CREATION IMMEDIATE 
  PCTFREE 10 PCTUSED 40 INITRANS 1 MAXTRANS 255 
 NOCOMPRESS LOGGING
  STORAGE(INITIAL 65536 NEXT 1048576 MINEXTENTS 1 MAXEXTENTS 2147483645
  PCTINCREASE 0 FREELISTS 1 FREELIST GROUPS 1
  BUFFER_POOL DEFAULT FLASH_CACHE DEFAULT CELL_FLASH_CACHE DEFAULT)
  TABLESPACE "USERS" ;
--------------------------------------------------------
--  DDL for Table TBL_ONEDAYFILE
--------------------------------------------------------

  CREATE TABLE "ADMIN"."TBL_ONEDAYFILE" 
   (	"FILE_NAME" VARCHAR2(100 BYTE), 
	"FILE_PATH" VARCHAR2(100 BYTE), 
	"FILE_SIZE" VARCHAR2(20 BYTE), 
	"EXT_NAME" VARCHAR2(20 BYTE), 
	"CLASS_NO" NUMBER, 
	"FILE_NO" NUMBER, 
	"ORG_NAME" VARCHAR2(255 BYTE)
   ) SEGMENT CREATION IMMEDIATE 
  PCTFREE 10 PCTUSED 40 INITRANS 1 MAXTRANS 255 
 NOCOMPRESS LOGGING
  STORAGE(INITIAL 65536 NEXT 1048576 MINEXTENTS 1 MAXEXTENTS 2147483645
  PCTINCREASE 0 FREELISTS 1 FREELIST GROUPS 1
  BUFFER_POOL DEFAULT FLASH_CACHE DEFAULT CELL_FLASH_CACHE DEFAULT)
  TABLESPACE "USERS" ;
--------------------------------------------------------
--  DDL for Table TBL_ONEDAYTHUMB
--------------------------------------------------------

  CREATE TABLE "ADMIN"."TBL_ONEDAYTHUMB" 
   (	"THUMB_NAME" VARCHAR2(200 BYTE), 
	"THUMB_PATH" VARCHAR2(500 BYTE), 
	"THUMB_SIZE" VARCHAR2(200 BYTE), 
	"EXT_NAME" VARCHAR2(20 BYTE), 
	"CLASS_NO" NUMBER, 
	"THUMB_NO" NUMBER
   ) SEGMENT CREATION IMMEDIATE 
  PCTFREE 10 PCTUSED 40 INITRANS 1 MAXTRANS 255 
 NOCOMPRESS LOGGING
  STORAGE(INITIAL 65536 NEXT 1048576 MINEXTENTS 1 MAXEXTENTS 2147483645
  PCTINCREASE 0 FREELISTS 1 FREELIST GROUPS 1
  BUFFER_POOL DEFAULT FLASH_CACHE DEFAULT CELL_FLASH_CACHE DEFAULT)
  TABLESPACE "USERS" ;
--------------------------------------------------------
--  DDL for Table TBL_PARTICIPANT
--------------------------------------------------------

  CREATE TABLE "ADMIN"."TBL_PARTICIPANT" 
   (	"PAY_ID" VARCHAR2(100 BYTE), 
	"NAME" VARCHAR2(20 BYTE), 
	"USER_ID" VARCHAR2(20 BYTE), 
	"PRICE" VARCHAR2(20 BYTE), 
	"PAY_DAY" DATE, 
	"CLASS_NO" NUMBER, 
	"JOIN_DAY" DATE, 
	"PAY_UID" VARCHAR2(40 BYTE), 
	"COUNT" NUMBER
   ) SEGMENT CREATION IMMEDIATE 
  PCTFREE 10 PCTUSED 40 INITRANS 1 MAXTRANS 255 
 NOCOMPRESS LOGGING
  STORAGE(INITIAL 65536 NEXT 1048576 MINEXTENTS 1 MAXEXTENTS 2147483645
  PCTINCREASE 0 FREELISTS 1 FREELIST GROUPS 1
  BUFFER_POOL DEFAULT FLASH_CACHE DEFAULT CELL_FLASH_CACHE DEFAULT)
  TABLESPACE "USERS" ;
--------------------------------------------------------
--  DDL for Table TBL_PAYMENT
--------------------------------------------------------

  CREATE TABLE "ADMIN"."TBL_PAYMENT" 
   (	"PAYMENT_NO" NUMBER(*,0), 
	"USER_ID" VARCHAR2(50 BYTE), 
	"PAYMENT_PHONE" VARCHAR2(50 BYTE), 
	"PAYMENT_NAME" VARCHAR2(50 BYTE), 
	"PAYMENT_IMP_UID" VARCHAR2(50 BYTE), 
	"PAYMENT_MERCHANT_UID" VARCHAR2(50 BYTE), 
	"PAYMENT_AMOUNT" NUMBER(*,0), 
	"PAYMENT_CATEGORY" VARCHAR2(20 BYTE), 
	"PAYMENT_STATUS" CHAR(1 BYTE), 
	"PAYMENT_PAY_DATE" DATE, 
	"PAYMENT_REFUND_DATE" DATE, 
	"ORDER_NO" VARCHAR2(20 BYTE)
   ) SEGMENT CREATION IMMEDIATE 
  PCTFREE 10 PCTUSED 40 INITRANS 1 MAXTRANS 255 
 NOCOMPRESS LOGGING
  STORAGE(INITIAL 65536 NEXT 1048576 MINEXTENTS 1 MAXEXTENTS 2147483645
  PCTINCREASE 0 FREELISTS 1 FREELIST GROUPS 1
  BUFFER_POOL DEFAULT FLASH_CACHE DEFAULT CELL_FLASH_CACHE DEFAULT)
  TABLESPACE "USERS" ;
--------------------------------------------------------
--  DDL for Table TBL_PRODUCT
--------------------------------------------------------

  CREATE TABLE "ADMIN"."TBL_PRODUCT" 
   (	"PRODUCT_NO" NUMBER, 
	"PRODUCT_NAME" VARCHAR2(100 BYTE), 
	"PRODUCT_WIDTH" VARCHAR2(20 BYTE), 
	"PRODUCT_LENGTH" VARCHAR2(20 BYTE), 
	"PRODUCT_HEIGHT" VARCHAR2(20 BYTE), 
	"PRODUCT_PRICE" VARCHAR2(50 BYTE), 
	"PRODUCT_CNT" VARCHAR2(20 BYTE), 
	"PRODUCT_COLOR" VARCHAR2(20 BYTE), 
	"PRODUCT_SIZE1" VARCHAR2(50 BYTE), 
	"PRODUCT_SIZE2" VARCHAR2(50 BYTE), 
	"PRODUCT_SIZE3" VARCHAR2(50 BYTE), 
	"PRODUCT_CATE1" VARCHAR2(10 BYTE) DEFAULT '1', 
	"PRODUCT_CATE2" VARCHAR2(10 BYTE) DEFAULT '1', 
	"PRODUCT_CUSTOM" VARCHAR2(10 BYTE) DEFAULT 'N', 
	"PRODUCT_DELIVERY" VARCHAR2(50 BYTE), 
	"PRODUCT_CDATETIME" DATE DEFAULT SYSDATE, 
	"PRODUCT_UDATETIME" DATE DEFAULT SYSDATE      -- 수정일

   ) SEGMENT CREATION IMMEDIATE 
  PCTFREE 10 PCTUSED 40 INITRANS 1 MAXTRANS 255 
 NOCOMPRESS LOGGING
  STORAGE(INITIAL 65536 NEXT 1048576 MINEXTENTS 1 MAXEXTENTS 2147483645
  PCTINCREASE 0 FREELISTS 1 FREELIST GROUPS 1
  BUFFER_POOL DEFAULT FLASH_CACHE DEFAULT CELL_FLASH_CACHE DEFAULT)
  TABLESPACE "USERS" ;
--------------------------------------------------------
--  DDL for Table TBL_PRODUCT_CART
--------------------------------------------------------

  CREATE TABLE "ADMIN"."TBL_PRODUCT_CART" 
   (	"CART_NO" NUMBER, 
	"PRODUCT_NO" NUMBER, 
	"USER_ID" VARCHAR2(50 BYTE), 
	"PRODUCT_SIZE" VARCHAR2(200 BYTE), 
	"PRODUCT_PRICE" VARCHAR2(200 BYTE), 
	"COUNT" NUMBER(*,0), 
	"CDATETIME" DATE, 
	"UDATETIME" DATE
   ) SEGMENT CREATION IMMEDIATE 
  PCTFREE 10 PCTUSED 40 INITRANS 1 MAXTRANS 255 
 NOCOMPRESS LOGGING
  STORAGE(INITIAL 65536 NEXT 1048576 MINEXTENTS 1 MAXEXTENTS 2147483645
  PCTINCREASE 0 FREELISTS 1 FREELIST GROUPS 1
  BUFFER_POOL DEFAULT FLASH_CACHE DEFAULT CELL_FLASH_CACHE DEFAULT)
  TABLESPACE "USERS" ;
--------------------------------------------------------
--  DDL for Table TBL_PRODUCT_CATE
--------------------------------------------------------

  CREATE TABLE "ADMIN"."TBL_PRODUCT_CATE" 
   (	"CATE_NO" VARCHAR2(10 BYTE), 
	"CATE_NAME" VARCHAR2(50 BYTE)
   ) SEGMENT CREATION IMMEDIATE 
  PCTFREE 10 PCTUSED 40 INITRANS 1 MAXTRANS 255 
 NOCOMPRESS LOGGING
  STORAGE(INITIAL 65536 NEXT 1048576 MINEXTENTS 1 MAXEXTENTS 2147483645
  PCTINCREASE 0 FREELISTS 1 FREELIST GROUPS 1
  BUFFER_POOL DEFAULT FLASH_CACHE DEFAULT CELL_FLASH_CACHE DEFAULT)
  TABLESPACE "USERS" ;
--------------------------------------------------------
--  DDL for Table TBL_PRODUCT_IMG
--------------------------------------------------------

  CREATE TABLE "ADMIN"."TBL_PRODUCT_IMG" 
   (	"PRODUCT_NO" VARCHAR2(20 BYTE), 
	"PRODUCT_THUMBNAIL" VARCHAR2(200 BYTE), 
	"PRODUCT_DETAIL1" VARCHAR2(200 BYTE)
   ) SEGMENT CREATION IMMEDIATE 
  PCTFREE 10 PCTUSED 40 INITRANS 1 MAXTRANS 255 
 NOCOMPRESS LOGGING
  STORAGE(INITIAL 65536 NEXT 1048576 MINEXTENTS 1 MAXEXTENTS 2147483645
  PCTINCREASE 0 FREELISTS 1 FREELIST GROUPS 1
  BUFFER_POOL DEFAULT FLASH_CACHE DEFAULT CELL_FLASH_CACHE DEFAULT)
  TABLESPACE "USERS" ;
--------------------------------------------------------
--  DDL for Table TBL_PRODUCT_ORDER
--------------------------------------------------------

  CREATE TABLE "ADMIN"."TBL_PRODUCT_ORDER" 
   (	"PAY_NO" NUMBER, 
	"ORDER_ID" VARCHAR2(100 BYTE), 
	"PRODUCT_NO" VARCHAR2(100 BYTE), 
	"USER_ID" VARCHAR2(100 BYTE), 
	"ORDER_SIZE" VARCHAR2(100 BYTE), 
	"ORDER_COUNT" NUMBER(*,0), 
	"PRODUCT_PRICE" VARCHAR2(100 BYTE), 
	"ORDER_DATE" DATE DEFAULT SYSDATE, 
	"ORDER_CATE" VARCHAR2(50 BYTE), 
	"DELIVERY_CATE" NUMBER DEFAULT 0
   ) SEGMENT CREATION IMMEDIATE 
  PCTFREE 10 PCTUSED 40 INITRANS 1 MAXTRANS 255 
 NOCOMPRESS LOGGING
  STORAGE(INITIAL 65536 NEXT 1048576 MINEXTENTS 1 MAXEXTENTS 2147483645
  PCTINCREASE 0 FREELISTS 1 FREELIST GROUPS 1
  BUFFER_POOL DEFAULT FLASH_CACHE DEFAULT CELL_FLASH_CACHE DEFAULT)
  TABLESPACE "USERS" ;
--------------------------------------------------------
--  DDL for Table TBL_PRODUCT_REVIEW
--------------------------------------------------------

  CREATE TABLE "ADMIN"."TBL_PRODUCT_REVIEW" 
   (	"REVIEW_NO" NUMBER(*,0), 
	"REVIEW_TITLE" VARCHAR2(255 BYTE), 
	"REVIEW_CONTENTS" VARCHAR2(1000 BYTE), 
	"USER_ID" VARCHAR2(50 BYTE), 
	"PRODUCT_NO" NUMBER(*,0), 
	"REVIEW_CDATETIME" DATE, 
	"REVIEW_UDATETIME" DATE, 
	"REVIEW_LIKE" NUMBER(*,0) DEFAULT 0, 
	"REVIEW_RATING" NUMBER(*,0), 
	"REVIEW_IMG_NAME" VARCHAR2(500 BYTE), 
	"REVIEW_IMG_PATH" VARCHAR2(500 BYTE)
   ) SEGMENT CREATION IMMEDIATE 
  PCTFREE 10 PCTUSED 40 INITRANS 1 MAXTRANS 255 
 NOCOMPRESS LOGGING
  STORAGE(INITIAL 65536 NEXT 1048576 MINEXTENTS 1 MAXEXTENTS 2147483645
  PCTINCREASE 0 FREELISTS 1 FREELIST GROUPS 1
  BUFFER_POOL DEFAULT FLASH_CACHE DEFAULT CELL_FLASH_CACHE DEFAULT)
  TABLESPACE "USERS" ;
--------------------------------------------------------
--  DDL for Table TBL_QNA
--------------------------------------------------------

  CREATE TABLE "ADMIN"."TBL_QNA" 
   (	"QNA_NO" NUMBER, 
	"USER_ID" VARCHAR2(20 BYTE), 
	"QNA_TITLE" VARCHAR2(200 BYTE), 
	"QNA_CONTENTS" VARCHAR2(1000 BYTE), 
	"QNA_CATEGORY" NUMBER, 
	"QNA_COUNT" NUMBER DEFAULT 0, 
	"CDATETIME" DATE DEFAULT SYSDATE, 
	"UDATETIME" DATE, 
	"QNA_FILE_PATH" VARCHAR2(200 BYTE)
   ) SEGMENT CREATION IMMEDIATE 
  PCTFREE 10 PCTUSED 40 INITRANS 1 MAXTRANS 255 
 NOCOMPRESS LOGGING
  STORAGE(INITIAL 65536 NEXT 1048576 MINEXTENTS 1 MAXEXTENTS 2147483645
  PCTINCREASE 0 FREELISTS 1 FREELIST GROUPS 1
  BUFFER_POOL DEFAULT FLASH_CACHE DEFAULT CELL_FLASH_CACHE DEFAULT)
  TABLESPACE "USERS" ;
--------------------------------------------------------
--  DDL for Table TBL_QNA_COMMENT
--------------------------------------------------------

  CREATE TABLE "ADMIN"."TBL_QNA_COMMENT" 
   (	"COMMENT_NO" NUMBER, 
	"QNA_NO" NUMBER, 
	"USER_ID" VARCHAR2(20 BYTE), 
	"COMMENT_CONTENTS" VARCHAR2(500 BYTE), 
	"CDATETIME" DATE DEFAULT SYSDATE, 
	"UDATETIME" DATE
   ) SEGMENT CREATION IMMEDIATE 
  PCTFREE 10 PCTUSED 40 INITRANS 1 MAXTRANS 255 
 NOCOMPRESS LOGGING
  STORAGE(INITIAL 65536 NEXT 1048576 MINEXTENTS 1 MAXEXTENTS 2147483645
  PCTINCREASE 0 FREELISTS 1 FREELIST GROUPS 1
  BUFFER_POOL DEFAULT FLASH_CACHE DEFAULT CELL_FLASH_CACHE DEFAULT)
  TABLESPACE "USERS" ;
--------------------------------------------------------
--  DDL for Table TBL_USER
--------------------------------------------------------

  CREATE TABLE "ADMIN"."TBL_USER" 
   (	"USER_ID" VARCHAR2(50 BYTE), 
	"USER_PWD" VARCHAR2(50 BYTE), 
	"USER_ZIP_CODE" VARCHAR2(20 BYTE), 
	"USER_ADDR" VARCHAR2(200 BYTE), 
	"USER_PHONE" VARCHAR2(50 BYTE), 
	"USER_EMAIL" VARCHAR2(50 BYTE), 
	"USER_NAME" VARCHAR2(30 BYTE), 
	"USER_BIRTH" DATE, 
	"USER_AUTH" VARCHAR2(10 BYTE), 
	"EVENT_ROUL" CHAR(1 BYTE), 
	"EVENT_CHECK" CHAR(1 BYTE)
   ) SEGMENT CREATION IMMEDIATE 
  PCTFREE 10 PCTUSED 40 INITRANS 1 MAXTRANS 255 
 NOCOMPRESS LOGGING
  STORAGE(INITIAL 65536 NEXT 1048576 MINEXTENTS 1 MAXEXTENTS 2147483645
  PCTINCREASE 0 FREELISTS 1 FREELIST GROUPS 1
  BUFFER_POOL DEFAULT FLASH_CACHE DEFAULT CELL_FLASH_CACHE DEFAULT)
  TABLESPACE "USERS" ;
REM INSERTING into ADMIN.TBL_AUCTION
SET DEFINE OFF;
Insert into ADMIN.TBL_AUCTION (AUCTION_NO,AUCTION_TITLE,AUCTION_PRICE,AUCTION_PRICE_CURRENT,USER_ID,START_DAY,END_DAY,AUCTION_CDATETIME,AUCTION_UDATETIME,AUCTION_CONTENTS,AUCTION_CONTENTS_IMG_PATH,AUCTION_CONTENTS_IMG_NAME,AUCTION_STATUS) values (114,'화이트 톤 심플 테이블 1차',730,750,'admin',to_date('24/10/02','RR/MM/DD'),to_date('24/10/12','RR/MM/DD'),to_date('24/09/20','RR/MM/DD'),to_date('24/10/07','RR/MM/DD'),'화이트 톤 심플 테이블 1차','../../uploadImages/event/202482053738598.jpg','202482053738598.jpg','E');
Insert into ADMIN.TBL_AUCTION (AUCTION_NO,AUCTION_TITLE,AUCTION_PRICE,AUCTION_PRICE_CURRENT,USER_ID,START_DAY,END_DAY,AUCTION_CDATETIME,AUCTION_UDATETIME,AUCTION_CONTENTS,AUCTION_CONTENTS_IMG_PATH,AUCTION_CONTENTS_IMG_NAME,AUCTION_STATUS) values (124,'화이트 톤 심플 테이블',100,110,'admin',to_date('24/09/30','RR/MM/DD'),to_date('24/09/30','RR/MM/DD'),to_date('24/09/30','RR/MM/DD'),to_date('24/09/30','RR/MM/DD'),'경매경매 시작시작','../../uploadImages/event/20248300579358.jpg','20248300579358.jpg','E');
Insert into ADMIN.TBL_AUCTION (AUCTION_NO,AUCTION_TITLE,AUCTION_PRICE,AUCTION_PRICE_CURRENT,USER_ID,START_DAY,END_DAY,AUCTION_CDATETIME,AUCTION_UDATETIME,AUCTION_CONTENTS,AUCTION_CONTENTS_IMG_PATH,AUCTION_CONTENTS_IMG_NAME,AUCTION_STATUS) values (113,'우드 톤 심플 테이블 1차',1000,4444,'admin',to_date('24/09/28','RR/MM/DD'),to_date('24/10/11','RR/MM/DD'),to_date('24/09/20','RR/MM/DD'),to_date('24/10/07','RR/MM/DD'),'우드 톤 심플 테이블 1차','../../uploadImages/event/202482053649826.jpg','202482053649826.jpg','E');
Insert into ADMIN.TBL_AUCTION (AUCTION_NO,AUCTION_TITLE,AUCTION_PRICE,AUCTION_PRICE_CURRENT,USER_ID,START_DAY,END_DAY,AUCTION_CDATETIME,AUCTION_UDATETIME,AUCTION_CONTENTS,AUCTION_CONTENTS_IMG_PATH,AUCTION_CONTENTS_IMG_NAME,AUCTION_STATUS) values (115,'우드 톤 심플 테이블',123,150,'admin',to_date('24/09/22','RR/MM/DD'),to_date('24/09/22','RR/MM/DD'),to_date('24/09/20','RR/MM/DD'),to_date('24/09/22','RR/MM/DD'),'123','../../uploadImages/event/202482053836793.jpg','202482053836793.jpg','E');
Insert into ADMIN.TBL_AUCTION (AUCTION_NO,AUCTION_TITLE,AUCTION_PRICE,AUCTION_PRICE_CURRENT,USER_ID,START_DAY,END_DAY,AUCTION_CDATETIME,AUCTION_UDATETIME,AUCTION_CONTENTS,AUCTION_CONTENTS_IMG_PATH,AUCTION_CONTENTS_IMG_NAME,AUCTION_STATUS) values (125,'우드 톤 심플 테이블',100,101,'admin',to_date('24/09/30','RR/MM/DD'),to_date('24/09/30','RR/MM/DD'),to_date('24/09/30','RR/MM/DD'),to_date('24/09/30','RR/MM/DD'),'123','../../uploadImages/event/202483005747221.jpg','202483005747221.jpg','E');
Insert into ADMIN.TBL_AUCTION (AUCTION_NO,AUCTION_TITLE,AUCTION_PRICE,AUCTION_PRICE_CURRENT,USER_ID,START_DAY,END_DAY,AUCTION_CDATETIME,AUCTION_UDATETIME,AUCTION_CONTENTS,AUCTION_CONTENTS_IMG_PATH,AUCTION_CONTENTS_IMG_NAME,AUCTION_STATUS) values (126,'화이트 톤 심플 테이블',100,200,'admin',to_date('24/10/11','RR/MM/DD'),to_date('24/10/12','RR/MM/DD'),to_date('24/09/30','RR/MM/DD'),to_date('24/10/11','RR/MM/DD'),'123','../../uploadImages/event/202483005940251.jpg','202483005940251.jpg','E');
Insert into ADMIN.TBL_AUCTION (AUCTION_NO,AUCTION_TITLE,AUCTION_PRICE,AUCTION_PRICE_CURRENT,USER_ID,START_DAY,END_DAY,AUCTION_CDATETIME,AUCTION_UDATETIME,AUCTION_CONTENTS,AUCTION_CONTENTS_IMG_PATH,AUCTION_CONTENTS_IMG_NAME,AUCTION_STATUS) values (134,'심플 슈퍼 싱글 퀸 1차',10000,21010,'admin',to_date('24/10/04','RR/MM/DD'),to_date('24/10/17','RR/MM/DD'),to_date('24/10/04','RR/MM/DD'),to_date('24/10/04','RR/MM/DD'),'심플 슈퍼 싱글 퀸 1차','../../uploadImages/event/2024945292680.jpg','2024945292680.jpg','I');
Insert into ADMIN.TBL_AUCTION (AUCTION_NO,AUCTION_TITLE,AUCTION_PRICE,AUCTION_PRICE_CURRENT,USER_ID,START_DAY,END_DAY,AUCTION_CDATETIME,AUCTION_UDATETIME,AUCTION_CONTENTS,AUCTION_CONTENTS_IMG_PATH,AUCTION_CONTENTS_IMG_NAME,AUCTION_STATUS) values (132,'테스트',-123,-5,'user1',to_date('24/10/02','RR/MM/DD'),to_date('24/10/05','RR/MM/DD'),to_date('24/10/02','RR/MM/DD'),to_date('24/10/02','RR/MM/DD'),null,'../../uploadImages/event/20249225136571.jpg','20249225136571.jpg','E');
Insert into ADMIN.TBL_AUCTION (AUCTION_NO,AUCTION_TITLE,AUCTION_PRICE,AUCTION_PRICE_CURRENT,USER_ID,START_DAY,END_DAY,AUCTION_CDATETIME,AUCTION_UDATETIME,AUCTION_CONTENTS,AUCTION_CONTENTS_IMG_PATH,AUCTION_CONTENTS_IMG_NAME,AUCTION_STATUS) values (117,'경매',10,12,'admin',to_date('24/09/22','RR/MM/DD'),to_date('24/09/26','RR/MM/DD'),to_date('24/09/22','RR/MM/DD'),to_date('24/09/22','RR/MM/DD'),'경매','../../uploadImages/event/202482243313523.jpg','202482243313523.jpg','E');
Insert into ADMIN.TBL_AUCTION (AUCTION_NO,AUCTION_TITLE,AUCTION_PRICE,AUCTION_PRICE_CURRENT,USER_ID,START_DAY,END_DAY,AUCTION_CDATETIME,AUCTION_UDATETIME,AUCTION_CONTENTS,AUCTION_CONTENTS_IMG_PATH,AUCTION_CONTENTS_IMG_NAME,AUCTION_STATUS) values (116,'화이트 톤 심플 테이블 2차',100,100,'user1',to_date('24/10/10','RR/MM/DD'),to_date('24/10/17','RR/MM/DD'),to_date('24/09/22','RR/MM/DD'),to_date('24/10/04','RR/MM/DD'),'화이트 톤 심플 테이블 2차','../../uploadImages/event/202482214455291.jpg','202482214455291.jpg','I');
REM INSERTING into ADMIN.TBL_AUCTION_BIDDING
SET DEFINE OFF;
Insert into ADMIN.TBL_AUCTION_BIDDING (AUCTION_BIDDING_NO,AUCTION_NO,USER_ID,AUCTION_BIDDING_PRICE,AUCTION_BIDDING_DATE) values (90,117,'user1',12,to_date('24/09/23','RR/MM/DD'));
Insert into ADMIN.TBL_AUCTION_BIDDING (AUCTION_BIDDING_NO,AUCTION_NO,USER_ID,AUCTION_BIDDING_PRICE,AUCTION_BIDDING_DATE) values (127,114,'user1',560,to_date('24/10/02','RR/MM/DD'));
Insert into ADMIN.TBL_AUCTION_BIDDING (AUCTION_BIDDING_NO,AUCTION_NO,USER_ID,AUCTION_BIDDING_PRICE,AUCTION_BIDDING_DATE) values (91,124,'user1',110,to_date('24/09/30','RR/MM/DD'));
Insert into ADMIN.TBL_AUCTION_BIDDING (AUCTION_BIDDING_NO,AUCTION_NO,USER_ID,AUCTION_BIDDING_PRICE,AUCTION_BIDDING_DATE) values (92,125,'user1',101,to_date('24/09/30','RR/MM/DD'));
Insert into ADMIN.TBL_AUCTION_BIDDING (AUCTION_BIDDING_NO,AUCTION_NO,USER_ID,AUCTION_BIDDING_PRICE,AUCTION_BIDDING_DATE) values (93,126,'user1',102,to_date('24/09/30','RR/MM/DD'));
Insert into ADMIN.TBL_AUCTION_BIDDING (AUCTION_BIDDING_NO,AUCTION_NO,USER_ID,AUCTION_BIDDING_PRICE,AUCTION_BIDDING_DATE) values (94,126,'user2',103,to_date('24/09/30','RR/MM/DD'));
Insert into ADMIN.TBL_AUCTION_BIDDING (AUCTION_BIDDING_NO,AUCTION_NO,USER_ID,AUCTION_BIDDING_PRICE,AUCTION_BIDDING_DATE) values (143,126,'user3',200,to_date('24/10/11','RR/MM/DD'));
Insert into ADMIN.TBL_AUCTION_BIDDING (AUCTION_BIDDING_NO,AUCTION_NO,USER_ID,AUCTION_BIDDING_PRICE,AUCTION_BIDDING_DATE) values (131,114,'admin',700,to_date('24/10/02','RR/MM/DD'));
Insert into ADMIN.TBL_AUCTION_BIDDING (AUCTION_BIDDING_NO,AUCTION_NO,USER_ID,AUCTION_BIDDING_PRICE,AUCTION_BIDDING_DATE) values (140,134,'user3',20000,to_date('24/10/07','RR/MM/DD'));
Insert into ADMIN.TBL_AUCTION_BIDDING (AUCTION_BIDDING_NO,AUCTION_NO,USER_ID,AUCTION_BIDDING_PRICE,AUCTION_BIDDING_DATE) values (142,134,'user3',21010,to_date('24/10/11','RR/MM/DD'));
Insert into ADMIN.TBL_AUCTION_BIDDING (AUCTION_BIDDING_NO,AUCTION_NO,USER_ID,AUCTION_BIDDING_PRICE,AUCTION_BIDDING_DATE) values (135,114,'admin',710,to_date('24/10/02','RR/MM/DD'));
Insert into ADMIN.TBL_AUCTION_BIDDING (AUCTION_BIDDING_NO,AUCTION_NO,USER_ID,AUCTION_BIDDING_PRICE,AUCTION_BIDDING_DATE) values (87,115,'user1',150,to_date('24/09/23','RR/MM/DD'));
Insert into ADMIN.TBL_AUCTION_BIDDING (AUCTION_BIDDING_NO,AUCTION_NO,USER_ID,AUCTION_BIDDING_PRICE,AUCTION_BIDDING_DATE) values (128,114,'aakimaa28',600,to_date('24/10/02','RR/MM/DD'));
Insert into ADMIN.TBL_AUCTION_BIDDING (AUCTION_BIDDING_NO,AUCTION_NO,USER_ID,AUCTION_BIDDING_PRICE,AUCTION_BIDDING_DATE) values (136,132,'user1',-10,to_date('24/10/02','RR/MM/DD'));
Insert into ADMIN.TBL_AUCTION_BIDDING (AUCTION_BIDDING_NO,AUCTION_NO,USER_ID,AUCTION_BIDDING_PRICE,AUCTION_BIDDING_DATE) values (137,132,'user1',-5,to_date('24/10/02','RR/MM/DD'));
Insert into ADMIN.TBL_AUCTION_BIDDING (AUCTION_BIDDING_NO,AUCTION_NO,USER_ID,AUCTION_BIDDING_PRICE,AUCTION_BIDDING_DATE) values (141,134,'user3',21000,to_date('24/10/10','RR/MM/DD'));
Insert into ADMIN.TBL_AUCTION_BIDDING (AUCTION_BIDDING_NO,AUCTION_NO,USER_ID,AUCTION_BIDDING_PRICE,AUCTION_BIDDING_DATE) values (95,114,'admin',500,to_date('24/10/02','RR/MM/DD'));
Insert into ADMIN.TBL_AUCTION_BIDDING (AUCTION_BIDDING_NO,AUCTION_NO,USER_ID,AUCTION_BIDDING_PRICE,AUCTION_BIDDING_DATE) values (96,113,'user1',4444,to_date('24/10/02','RR/MM/DD'));
Insert into ADMIN.TBL_AUCTION_BIDDING (AUCTION_BIDDING_NO,AUCTION_NO,USER_ID,AUCTION_BIDDING_PRICE,AUCTION_BIDDING_DATE) values (139,114,'user3',750,to_date('24/10/04','RR/MM/DD'));
Insert into ADMIN.TBL_AUCTION_BIDDING (AUCTION_BIDDING_NO,AUCTION_NO,USER_ID,AUCTION_BIDDING_PRICE,AUCTION_BIDDING_DATE) values (89,115,'user2',140,to_date('24/09/23','RR/MM/DD'));
Insert into ADMIN.TBL_AUCTION_BIDDING (AUCTION_BIDDING_NO,AUCTION_NO,USER_ID,AUCTION_BIDDING_PRICE,AUCTION_BIDDING_DATE) values (70,113,'user2',1246,to_date('24/09/22','RR/MM/DD'));
Insert into ADMIN.TBL_AUCTION_BIDDING (AUCTION_BIDDING_NO,AUCTION_NO,USER_ID,AUCTION_BIDDING_PRICE,AUCTION_BIDDING_DATE) values (85,113,'user1',1247,to_date('24/09/22','RR/MM/DD'));
Insert into ADMIN.TBL_AUCTION_BIDDING (AUCTION_BIDDING_NO,AUCTION_NO,USER_ID,AUCTION_BIDDING_PRICE,AUCTION_BIDDING_DATE) values (134,132,'admin',-20,to_date('24/10/02','RR/MM/DD'));
REM INSERTING into ADMIN.TBL_AUCTION_IMG
SET DEFINE OFF;
Insert into ADMIN.TBL_AUCTION_IMG (AUCTION_IMG_NO,AUCTION_NO,AUCTION_IMG_NAME,AUCTION_IMG_ORG_NAME,AUCTION_IMG_SIZE,AUCTION_IMG_PATH) values (34,113,'202482053649809.jpg','desk_img3.jpg','35018','../../uploadImages/event/thumb/202482053649809.jpg');
Insert into ADMIN.TBL_AUCTION_IMG (AUCTION_IMG_NO,AUCTION_NO,AUCTION_IMG_NAME,AUCTION_IMG_ORG_NAME,AUCTION_IMG_SIZE,AUCTION_IMG_PATH) values (35,113,'202482053649818.jpg','desk_img4.jpg','30244','../../uploadImages/event/thumb/202482053649818.jpg');
Insert into ADMIN.TBL_AUCTION_IMG (AUCTION_IMG_NO,AUCTION_NO,AUCTION_IMG_NAME,AUCTION_IMG_ORG_NAME,AUCTION_IMG_SIZE,AUCTION_IMG_PATH) values (36,114,'202482053738570.jpg','desk_img5.jpg','16192','../../uploadImages/event/thumb/202482053738570.jpg');
Insert into ADMIN.TBL_AUCTION_IMG (AUCTION_IMG_NO,AUCTION_NO,AUCTION_IMG_NAME,AUCTION_IMG_ORG_NAME,AUCTION_IMG_SIZE,AUCTION_IMG_PATH) values (75,124,'20248300579348.jpg','desk_img7.jpg','19524','../../uploadImages/event/thumb/20248300579348.jpg');
Insert into ADMIN.TBL_AUCTION_IMG (AUCTION_IMG_NO,AUCTION_NO,AUCTION_IMG_NAME,AUCTION_IMG_ORG_NAME,AUCTION_IMG_SIZE,AUCTION_IMG_PATH) values (76,125,'202483005747180.jpg','desk_img1.jpg','34647','../../uploadImages/event/thumb/202483005747180.jpg');
Insert into ADMIN.TBL_AUCTION_IMG (AUCTION_IMG_NO,AUCTION_NO,AUCTION_IMG_NAME,AUCTION_IMG_ORG_NAME,AUCTION_IMG_SIZE,AUCTION_IMG_PATH) values (77,125,'202483005747190.jpg','desk_img2.jpg','53030','../../uploadImages/event/thumb/202483005747190.jpg');
Insert into ADMIN.TBL_AUCTION_IMG (AUCTION_IMG_NO,AUCTION_NO,AUCTION_IMG_NAME,AUCTION_IMG_ORG_NAME,AUCTION_IMG_SIZE,AUCTION_IMG_PATH) values (32,113,'202482053649781.jpg','desk_img1.jpg','34647','../../uploadImages/event/thumb/202482053649781.jpg');
Insert into ADMIN.TBL_AUCTION_IMG (AUCTION_IMG_NO,AUCTION_NO,AUCTION_IMG_NAME,AUCTION_IMG_ORG_NAME,AUCTION_IMG_SIZE,AUCTION_IMG_PATH) values (33,113,'202482053649798.jpg','desk_img2.jpg','53030','../../uploadImages/event/thumb/202482053649798.jpg');
Insert into ADMIN.TBL_AUCTION_IMG (AUCTION_IMG_NO,AUCTION_NO,AUCTION_IMG_NAME,AUCTION_IMG_ORG_NAME,AUCTION_IMG_SIZE,AUCTION_IMG_PATH) values (37,114,'202482053738578.jpg','desk_img6.jpg','16224','../../uploadImages/event/thumb/202482053738578.jpg');
Insert into ADMIN.TBL_AUCTION_IMG (AUCTION_IMG_NO,AUCTION_NO,AUCTION_IMG_NAME,AUCTION_IMG_ORG_NAME,AUCTION_IMG_SIZE,AUCTION_IMG_PATH) values (38,114,'202482053738588.jpg','desk_img7.jpg','19524','../../uploadImages/event/thumb/202482053738588.jpg');
Insert into ADMIN.TBL_AUCTION_IMG (AUCTION_IMG_NO,AUCTION_NO,AUCTION_IMG_NAME,AUCTION_IMG_ORG_NAME,AUCTION_IMG_SIZE,AUCTION_IMG_PATH) values (39,115,'202482053836757.jpg','desk_img1.jpg','34647','../../uploadImages/event/thumb/202482053836757.jpg');
Insert into ADMIN.TBL_AUCTION_IMG (AUCTION_IMG_NO,AUCTION_NO,AUCTION_IMG_NAME,AUCTION_IMG_ORG_NAME,AUCTION_IMG_SIZE,AUCTION_IMG_PATH) values (40,115,'202482053836766.jpg','desk_img2.jpg','53030','../../uploadImages/event/thumb/202482053836766.jpg');
Insert into ADMIN.TBL_AUCTION_IMG (AUCTION_IMG_NO,AUCTION_NO,AUCTION_IMG_NAME,AUCTION_IMG_ORG_NAME,AUCTION_IMG_SIZE,AUCTION_IMG_PATH) values (41,115,'202482053836774.jpg','desk_img3.jpg','35018','../../uploadImages/event/thumb/202482053836774.jpg');
Insert into ADMIN.TBL_AUCTION_IMG (AUCTION_IMG_NO,AUCTION_NO,AUCTION_IMG_NAME,AUCTION_IMG_ORG_NAME,AUCTION_IMG_SIZE,AUCTION_IMG_PATH) values (42,115,'202482053836784.jpg','desk_img4.jpg','30244','../../uploadImages/event/thumb/202482053836784.jpg');
Insert into ADMIN.TBL_AUCTION_IMG (AUCTION_IMG_NO,AUCTION_NO,AUCTION_IMG_NAME,AUCTION_IMG_ORG_NAME,AUCTION_IMG_SIZE,AUCTION_IMG_PATH) values (73,124,'20248300579318.jpg','desk_img5.jpg','16192','../../uploadImages/event/thumb/20248300579318.jpg');
Insert into ADMIN.TBL_AUCTION_IMG (AUCTION_IMG_NO,AUCTION_NO,AUCTION_IMG_NAME,AUCTION_IMG_ORG_NAME,AUCTION_IMG_SIZE,AUCTION_IMG_PATH) values (74,124,'20248300579337.jpg','desk_img6.jpg','16224','../../uploadImages/event/thumb/20248300579337.jpg');
Insert into ADMIN.TBL_AUCTION_IMG (AUCTION_IMG_NO,AUCTION_NO,AUCTION_IMG_NAME,AUCTION_IMG_ORG_NAME,AUCTION_IMG_SIZE,AUCTION_IMG_PATH) values (78,125,'202483005747200.jpg','desk_img3.jpg','35018','../../uploadImages/event/thumb/202483005747200.jpg');
Insert into ADMIN.TBL_AUCTION_IMG (AUCTION_IMG_NO,AUCTION_NO,AUCTION_IMG_NAME,AUCTION_IMG_ORG_NAME,AUCTION_IMG_SIZE,AUCTION_IMG_PATH) values (79,125,'202483005747210.jpg','desk_img4.jpg','30244','../../uploadImages/event/thumb/202483005747210.jpg');
Insert into ADMIN.TBL_AUCTION_IMG (AUCTION_IMG_NO,AUCTION_NO,AUCTION_IMG_NAME,AUCTION_IMG_ORG_NAME,AUCTION_IMG_SIZE,AUCTION_IMG_PATH) values (80,126,'202483005940221.jpg','desk_img5.jpg','16192','../../uploadImages/event/thumb/202483005940221.jpg');
Insert into ADMIN.TBL_AUCTION_IMG (AUCTION_IMG_NO,AUCTION_NO,AUCTION_IMG_NAME,AUCTION_IMG_ORG_NAME,AUCTION_IMG_SIZE,AUCTION_IMG_PATH) values (81,126,'202483005940230.jpg','desk_img6.jpg','16224','../../uploadImages/event/thumb/202483005940230.jpg');
Insert into ADMIN.TBL_AUCTION_IMG (AUCTION_IMG_NO,AUCTION_NO,AUCTION_IMG_NAME,AUCTION_IMG_ORG_NAME,AUCTION_IMG_SIZE,AUCTION_IMG_PATH) values (82,126,'202483005940241.jpg','desk_img7.jpg','19524','../../uploadImages/event/thumb/202483005940241.jpg');
Insert into ADMIN.TBL_AUCTION_IMG (AUCTION_IMG_NO,AUCTION_NO,AUCTION_IMG_NAME,AUCTION_IMG_ORG_NAME,AUCTION_IMG_SIZE,AUCTION_IMG_PATH) values (88,134,'2024945292669.jpg','bed__img3.jpg','31060','../../uploadImages/event/thumb/2024945292669.jpg');
Insert into ADMIN.TBL_AUCTION_IMG (AUCTION_IMG_NO,AUCTION_NO,AUCTION_IMG_NAME,AUCTION_IMG_ORG_NAME,AUCTION_IMG_SIZE,AUCTION_IMG_PATH) values (86,134,'2024945292646.jpg','bed__img1.jpg','208179','../../uploadImages/event/thumb/2024945292646.jpg');
Insert into ADMIN.TBL_AUCTION_IMG (AUCTION_IMG_NO,AUCTION_NO,AUCTION_IMG_NAME,AUCTION_IMG_ORG_NAME,AUCTION_IMG_SIZE,AUCTION_IMG_PATH) values (87,134,'2024945292659.jpg','bed__img2.jpg','75453','../../uploadImages/event/thumb/2024945292659.jpg');
Insert into ADMIN.TBL_AUCTION_IMG (AUCTION_IMG_NO,AUCTION_NO,AUCTION_IMG_NAME,AUCTION_IMG_ORG_NAME,AUCTION_IMG_SIZE,AUCTION_IMG_PATH) values (43,116,'202482214455212.jpg','img_5.jpg','16192','../../uploadImages/event/thumb/202482214455212.jpg');
Insert into ADMIN.TBL_AUCTION_IMG (AUCTION_IMG_NO,AUCTION_NO,AUCTION_IMG_NAME,AUCTION_IMG_ORG_NAME,AUCTION_IMG_SIZE,AUCTION_IMG_PATH) values (44,116,'202482214455248.jpg','img_6.jpg','16224','../../uploadImages/event/thumb/202482214455248.jpg');
Insert into ADMIN.TBL_AUCTION_IMG (AUCTION_IMG_NO,AUCTION_NO,AUCTION_IMG_NAME,AUCTION_IMG_ORG_NAME,AUCTION_IMG_SIZE,AUCTION_IMG_PATH) values (45,116,'202482214455274.jpg','img_7.jpg','19524','../../uploadImages/event/thumb/202482214455274.jpg');
REM INSERTING into ADMIN.TBL_CLASS
SET DEFINE OFF;
Insert into ADMIN.TBL_CLASS (CLASS_NO,CLASS_NAME,PRICE,NUMBER_LIMIT,CLASS_DATE,START_DAY,END_DAY,DESCRIPTION) values (1,'가죽 공예','30000',3,to_date('24/10/01','RR/MM/DD'),to_date('24/09/20','RR/MM/DD'),to_date('24/10/01','RR/MM/DD'),'#지갑 #가방 #천연가죽 #가죽 공예

[가죽 공예 원데이 클래스]

- 소요시간 : 3시간

가방, 지갑, 인테리어 소품 등 선택 가능

- 수업 내용 : 

선택한 가죽 원단을 가공해 원하는 품목, 원하는 디자인으로 제작합니다.

* 원단 사이즈에 따라 추가금이 발생할 수 있습니다.



');
Insert into ADMIN.TBL_CLASS (CLASS_NO,CLASS_NAME,PRICE,NUMBER_LIMIT,CLASS_DATE,START_DAY,END_DAY,DESCRIPTION) values (2,'도마 만들기','20000',20,to_date('24/10/02','RR/MM/DD'),to_date('24/09/21','RR/MM/DD'),to_date('24/10/01','RR/MM/DD'),'
#도마 #원목 #주방가구 #목공 클래스

[나무 도마 제작 클래스]

- 소요시간  :  2시간

- 수업내용  :

원하는 목재를 골라 재단 후 사포질 및 마감재 도포로 마무리합니다.

- 다양한 목재가 준비되어 있습니다.



');
Insert into ADMIN.TBL_CLASS (CLASS_NO,CLASS_NAME,PRICE,NUMBER_LIMIT,CLASS_DATE,START_DAY,END_DAY,DESCRIPTION) values (3,'서랍장 만들기','80000',3,to_date('24/10/05','RR/MM/DD'),to_date('24/09/25','RR/MM/DD'),to_date('24/10/04','RR/MM/DD'),'#서랍장 #수납장 #목공 클래스 #원목

[서랍장 제작 목공 클래스]

- 소요 시간 : 4시간

- 수업 내용 :

디자인 도안 그린 후 목재 재단 및 가공 후 마감처리

- 표준 규격 : 가로  100 x 세로 40 x 높이 60 (cm)

* 표준 규격 초과시 가로 10 x 세로 10당 일만원이 추가됩니다


');
Insert into ADMIN.TBL_CLASS (CLASS_NO,CLASS_NAME,PRICE,NUMBER_LIMIT,CLASS_DATE,START_DAY,END_DAY,DESCRIPTION) values (4,'실 공예','20000',5,to_date('24/10/12','RR/MM/DD'),to_date('24/09/25','RR/MM/DD'),to_date('24/10/12','RR/MM/DD'),'#벽장식 #감성 인테리어 #매듭 공예

[마크라메 제작 클래스]

- 소요시간 : 2시간

- 수업 설명 :

매듭으로 섬유를 만드는 아라비아의 전통 공예 마크라메 방식으로 술장식,  테이블보 등을 제작합니다. 

- 리본, 벨 등의 소품은 인당 하나씩 제공됩니다.



');
Insert into ADMIN.TBL_CLASS (CLASS_NO,CLASS_NAME,PRICE,NUMBER_LIMIT,CLASS_DATE,START_DAY,END_DAY,DESCRIPTION) values (6,'화병 만들기','20000',20,to_date('24/10/12','RR/MM/DD'),to_date('24/10/02','RR/MM/DD'),to_date('24/10/12','RR/MM/DD'),'#화병 만들기 #인테리어 #집 꾸미기

[화병 만들기 클래스]

- 소요 시간: 2시간 30분

- 수업 내용:

자신만의 개성 있는 화병을 만드는 클래스입니다. 모양을 자유롭게 잡고 원하는 색상으로 도장한 뒤 완성합니다. 자연스러운 유약 마감과 글레이즈 처리도 배웁니다.

- 제공 품목: 기본 도구, 흙, 기본 유약 제공

* 특별한 디자인의 화병은 추가 비용이 발생할 수 있습니다.




');
Insert into ADMIN.TBL_CLASS (CLASS_NO,CLASS_NAME,PRICE,NUMBER_LIMIT,CLASS_DATE,START_DAY,END_DAY,DESCRIPTION) values (7,'의자 만들기','50000',5,to_date('24/10/12','RR/MM/DD'),to_date('24/10/02','RR/MM/DD'),to_date('24/10/12','RR/MM/DD'),'#의자 만들기 #목공 클래스 #디자인 가구 #DIY


[의자 만들기 클래스]


- 소요 시간: 4시간

- 수업 내용:

기본적인 목공 기술을 배우며, 나만의 스타일로 의자를 만드는 과정입니다. 목재를 재단하고 조립하여 튼튼하고 아름다운 의자를 완성합니다. 초보자도 쉽게 따라할 수 있도록 단계별로 진행됩니다.

- 제공 품목: 목재, 기본 공구, 마감 도구 제공



');
Insert into ADMIN.TBL_CLASS (CLASS_NO,CLASS_NAME,PRICE,NUMBER_LIMIT,CLASS_DATE,START_DAY,END_DAY,DESCRIPTION) values (8,'옷장 만들기','150000',3,to_date('24/10/15','RR/MM/DD'),to_date('24/10/04','RR/MM/DD'),to_date('24/10/14','RR/MM/DD'),'
#옷장 만들기 #가구 제작 #맞춤 가구 #DIY

[옷장 만들기 클래스]

- 소요 시간:  5시간

- 수업 내용:

기본적인 가구 제작 기술을 배우며, 나만의 스타일에 맞는 옷장을 만듭니다. 필요한 사이즈로 재단한 후 조립하고, 원하는 디자인으로 마감 처리하는 과정입니다.

- 제공 품목:  목재, 기본 공구, 마감 도구 제공

* 사이즈에 따라 추가 비용이 발생할 수 있습니다.


');
Insert into ADMIN.TBL_CLASS (CLASS_NO,CLASS_NAME,PRICE,NUMBER_LIMIT,CLASS_DATE,START_DAY,END_DAY,DESCRIPTION) values (9,'라탄 공예','100',15,to_date('24/10/16','RR/MM/DD'),to_date('24/10/06','RR/MM/DD'),to_date('24/10/15','RR/MM/DD'),'#라탄 공예 #핸드메이드 #인테리어 소품 #자연 소재

[라탄 공예 클래스]

- 소요 시간 :  2시간

- 수업 내용:

자연 소재인 라탄을 이용하여 다양한 소품을 만드는 클래스입니다. 바구니, 식탁 장식 등 실생활에서 활용할 수 있는 제품을 손쉽게 만들어 볼 수 있습니다.

- 제공 품목 :  라탄, 기본 도구 제공

* 사이즈에 따라 추가 비용이 발생할 수 있습니다.


');
Insert into ADMIN.TBL_CLASS (CLASS_NO,CLASS_NAME,PRICE,NUMBER_LIMIT,CLASS_DATE,START_DAY,END_DAY,DESCRIPTION) values (10,'뜨개질 클래스','100',15,to_date('24/10/19','RR/MM/DD'),to_date('24/10/09','RR/MM/DD'),to_date('24/10/19','RR/MM/DD'),'#뜨개질 클래스 #핸드메이드 #DIY 패션

[뜨개질 클래스]

- 소요 시간 :  3시간

- 수업 내용 :

기본적인 뜨개질 기술을 배우며, 자신의 취향에 맞는 아이템을 만들어보는 클래스입니다. 니트, 모자 등 다양한 뜨개질 프로젝트를 선택할 수 있습니다.

- 제공 품목 : 실, 뜨개바늘 제공

* 추가 실과 도구는 별도로 구매 가능합니다.


');
Insert into ADMIN.TBL_CLASS (CLASS_NO,CLASS_NAME,PRICE,NUMBER_LIMIT,CLASS_DATE,START_DAY,END_DAY,DESCRIPTION) values (11,'인테리어 소품 만들기','100',15,to_date('24/10/20','RR/MM/DD'),to_date('24/10/10','RR/MM/DD'),to_date('24/10/19','RR/MM/DD'),'#인테리어 소품 만들기 #DIY 프로젝트 #홈데코

[인테리어 소품 만들기 클래스]

- 소요 시간 :  2시간 30분

- 수업 내용:

다양한 재료를 이용하여 집 안을 꾸밀 수 있는 인테리어 소품을 만드는 클래스입니다. 벽걸이, 테이블 장식 등 여러 가지 아이템을 자유롭게 제작해 볼 수 있습니다.

- 제공 품목 :  재료 및 도구 제공

*소재에 따라 비용이 상이할 수 있습니다.



');
Insert into ADMIN.TBL_CLASS (CLASS_NO,CLASS_NAME,PRICE,NUMBER_LIMIT,CLASS_DATE,START_DAY,END_DAY,DESCRIPTION) values (12,'탁자 만들기','100',5,to_date('24/10/21','RR/MM/DD'),to_date('24/10/10','RR/MM/DD'),to_date('24/10/20','RR/MM/DD'),'#탁자 만들기 #가구 제작 #목공 클래스 #DIY

[탁자 만들기 클래스]

- 소요 시간 :  4시간

- 수업 내용:

기본적인 목공 기술을 배우며, 나만의 탁자를 만드는 과정입니다. 목재를 재단하고 조립하여 실용적이고 아름다운 탁자를 완성합니다.

- 제공 품목 :  목재, 기본 공구, 마감 도구 제공

- 표준 규격 : 가로  50x 세로 50x 높이 40 (cm)

* 표준 규격 초과시 가로 10 x 세로 10(cm)당 일만원이 추가됩니다.



');
REM INSERTING into ADMIN.TBL_CUSTOM
SET DEFINE OFF;
Insert into ADMIN.TBL_CUSTOM (CUSTOM_NO,PRODUCT_NO,PRODUCT_NAME,USER_ID,CUSTOM_CON) values (36,32,'마리메종 보드 아쿠아패브릭 3인소파','user3','N');
Insert into ADMIN.TBL_CUSTOM (CUSTOM_NO,PRODUCT_NO,PRODUCT_NAME,USER_ID,CUSTOM_CON) values (38,33,'마리메종 에셀 주방수납장 냉장고 틈새장 홈카페장','user3','N');
Insert into ADMIN.TBL_CUSTOM (CUSTOM_NO,PRODUCT_NO,PRODUCT_NAME,USER_ID,CUSTOM_CON) values (9,36,'마리메종 비엘 수납 스틸선반장','user3','Y');
Insert into ADMIN.TBL_CUSTOM (CUSTOM_NO,PRODUCT_NO,PRODUCT_NAME,USER_ID,CUSTOM_CON) values (26,32,'마리메종 보드 아쿠아패브릭 3인소파','user3','N');
Insert into ADMIN.TBL_CUSTOM (CUSTOM_NO,PRODUCT_NO,PRODUCT_NAME,USER_ID,CUSTOM_CON) values (21,37,'마리메종 이루 라운드원목식탁','user3','N');
Insert into ADMIN.TBL_CUSTOM (CUSTOM_NO,PRODUCT_NO,PRODUCT_NAME,USER_ID,CUSTOM_CON) values (33,30,'마리메종 윌리 렌지대 밥솥장 2단 낮은 주방수납장','user3','N');
Insert into ADMIN.TBL_CUSTOM (CUSTOM_NO,PRODUCT_NO,PRODUCT_NAME,USER_ID,CUSTOM_CON) values (37,32,'마리메종 보드 아쿠아패브릭 3인소파','user3','N');
Insert into ADMIN.TBL_CUSTOM (CUSTOM_NO,PRODUCT_NO,PRODUCT_NAME,USER_ID,CUSTOM_CON) values (10,37,'마리메종 이루 라운드원목식탁','user2',null);
Insert into ADMIN.TBL_CUSTOM (CUSTOM_NO,PRODUCT_NO,PRODUCT_NAME,USER_ID,CUSTOM_CON) values (41,33,'마리메종 에셀 주방수납장 냉장고 틈새장 홈카페장','sejin1','Y');
Insert into ADMIN.TBL_CUSTOM (CUSTOM_NO,PRODUCT_NO,PRODUCT_NAME,USER_ID,CUSTOM_CON) values (34,30,'마리메종 윌리 렌지대 밥솥장 2단 낮은 주방수납장','admin','N');
Insert into ADMIN.TBL_CUSTOM (CUSTOM_NO,PRODUCT_NO,PRODUCT_NAME,USER_ID,CUSTOM_CON) values (35,32,'마리메종 보드 아쿠아패브릭 3인소파','user3','N');
Insert into ADMIN.TBL_CUSTOM (CUSTOM_NO,PRODUCT_NO,PRODUCT_NAME,USER_ID,CUSTOM_CON) values (19,31,'마리메종 댄디 LED/USB 수납침대','user3','Y');
Insert into ADMIN.TBL_CUSTOM (CUSTOM_NO,PRODUCT_NO,PRODUCT_NAME,USER_ID,CUSTOM_CON) values (27,32,'마리메종 보드 아쿠아패브릭 3인소파','user3','N');
Insert into ADMIN.TBL_CUSTOM (CUSTOM_NO,PRODUCT_NO,PRODUCT_NAME,USER_ID,CUSTOM_CON) values (43,31,'마리메종 댄디 LED/USB 수납침대','admin','N');
REM INSERTING into ADMIN.TBL_DELIVERY_CATE
SET DEFINE OFF;
Insert into ADMIN.TBL_DELIVERY_CATE (CATE_NO,CATE_NAME) values (0,'상품준비중');
Insert into ADMIN.TBL_DELIVERY_CATE (CATE_NO,CATE_NAME) values (1,'배송준비중');
Insert into ADMIN.TBL_DELIVERY_CATE (CATE_NO,CATE_NAME) values (2,'배송중');
Insert into ADMIN.TBL_DELIVERY_CATE (CATE_NO,CATE_NAME) values (3,'배송완료');
REM INSERTING into ADMIN.TBL_DESIGN
SET DEFINE OFF;
Insert into ADMIN.TBL_DESIGN (DESIGN_NO,USER_ID,DESIGN_TITLE,DESIGN_CONTENTS,DESIGN_IMG_PATH,DESIGN_IMG_NAME,DESIGN_CHOICE,DESIGN_CDATETIME) values (1,'user1','공간 창출 의자!!!','제가 생각한 디자인은 의자를 사용하지 않을 때 사용하지 않는 공간을 줄이고 이동할 때도 한번에 할 수 있게 생각한 서로 겹칠 수 있게 만든 의자입니다.','../uploadImages/design/20249143024531.jpg','20249143024531.jpg','N',to_date('24/10/01','RR/MM/DD'));
Insert into ADMIN.TBL_DESIGN (DESIGN_NO,USER_ID,DESIGN_TITLE,DESIGN_CONTENTS,DESIGN_IMG_PATH,DESIGN_IMG_NAME,DESIGN_CHOICE,DESIGN_CDATETIME) values (9,'user1','1인용 침대','움직이면 떨어져요','../uploadImages/design/20249143459866.png','20249143459866.png','N',to_date('24/10/01','RR/MM/DD'));
Insert into ADMIN.TBL_DESIGN (DESIGN_NO,USER_ID,DESIGN_TITLE,DESIGN_CONTENTS,DESIGN_IMG_PATH,DESIGN_IMG_NAME,DESIGN_CHOICE,DESIGN_CDATETIME) values (2,'user1','나만의 책상','나만의 공간을 위한 책상입니다. 빛도 차단 시킬 수 있고 주변의 시야를 없애면서 일을 집중 있게 할 수 있는 책상을 디자인 해봤습니다.','../uploadImages/design/2024914305896.png','2024914305896.png','Y',to_date('24/10/01','RR/MM/DD'));
Insert into ADMIN.TBL_DESIGN (DESIGN_NO,USER_ID,DESIGN_TITLE,DESIGN_CONTENTS,DESIGN_IMG_PATH,DESIGN_IMG_NAME,DESIGN_CHOICE,DESIGN_CDATETIME) values (3,'user1','공중전화 소파','실용성 보다는 유니크한 디자인의 공중전화 부스를 연상케 하는 소파를 디자인해봤습니다.','../uploadImages/design/20249143128741.PNG','20249143128741.PNG','N',to_date('24/10/01','RR/MM/DD'));
Insert into ADMIN.TBL_DESIGN (DESIGN_NO,USER_ID,DESIGN_TITLE,DESIGN_CONTENTS,DESIGN_IMG_PATH,DESIGN_IMG_NAME,DESIGN_CHOICE,DESIGN_CDATETIME) values (7,'user1','애견을 위한 소파','애견들이 편하게 쉴 수 있는 사람과 같이 지낼 수 있는 소파를 만들었습니다.','../uploadImages/design/20249143336752.png','20249143336752.png','Y',to_date('24/10/01','RR/MM/DD'));
Insert into ADMIN.TBL_DESIGN (DESIGN_NO,USER_ID,DESIGN_TITLE,DESIGN_CONTENTS,DESIGN_IMG_PATH,DESIGN_IMG_NAME,DESIGN_CHOICE,DESIGN_CDATETIME) values (8,'user1','유아용 호박마차 침실','마치 신데렐라가 된 것 같은 생각이 들 수 있는 유아용 침실입니다. 여자아이들이 좋아하겠죠?','../uploadImages/design/20249143416421.png','20249143416421.png','N',to_date('24/10/01','RR/MM/DD'));
Insert into ADMIN.TBL_DESIGN (DESIGN_NO,USER_ID,DESIGN_TITLE,DESIGN_CONTENTS,DESIGN_IMG_PATH,DESIGN_IMG_NAME,DESIGN_CHOICE,DESIGN_CDATETIME) values (4,'user1','다양한 선반','여러가지 도형 모양으로 시각적인 특별함을 주었고 다양한 물품들을 선반에 배치함으로서 시각적인 포인트를 주었습니다.','../uploadImages/design/20249143159641.png','20249143159641.png','N',to_date('24/10/01','RR/MM/DD'));
Insert into ADMIN.TBL_DESIGN (DESIGN_NO,USER_ID,DESIGN_TITLE,DESIGN_CONTENTS,DESIGN_IMG_PATH,DESIGN_IMG_NAME,DESIGN_CHOICE,DESIGN_CDATETIME) values (6,'user1','어항 세면대','물을 많이 사용하는 세면대에 어항 디자인으로 만들어서 마치 물속에 있는 듯한 느낌을 주었습니다.','../uploadImages/design/2024914330146.png','2024914330146.png','N',to_date('24/10/01','RR/MM/DD'));
Insert into ADMIN.TBL_DESIGN (DESIGN_NO,USER_ID,DESIGN_TITLE,DESIGN_CONTENTS,DESIGN_IMG_PATH,DESIGN_IMG_NAME,DESIGN_CHOICE,DESIGN_CDATETIME) values (5,'user1','바나나 의자','바나나 모양의 1인용 의자입니다. 누워있듯이 사용할 수 있는 의자를 생각했습니다.','../uploadImages/design/20249143233303.png','20249143233303.png','N',to_date('24/10/01','RR/MM/DD'));
REM INSERTING into ADMIN.TBL_DESIGN_LIKE
SET DEFINE OFF;
Insert into ADMIN.TBL_DESIGN_LIKE (LIKE_NO,DESIGN_NO,USER_ID) values (61,'8','admin');
Insert into ADMIN.TBL_DESIGN_LIKE (LIKE_NO,DESIGN_NO,USER_ID) values (2,'31','user2');
Insert into ADMIN.TBL_DESIGN_LIKE (LIKE_NO,DESIGN_NO,USER_ID) values (3,'31','user3');
Insert into ADMIN.TBL_DESIGN_LIKE (LIKE_NO,DESIGN_NO,USER_ID) values (4,'30','user3');
Insert into ADMIN.TBL_DESIGN_LIKE (LIKE_NO,DESIGN_NO,USER_ID) values (5,'35','user3');
Insert into ADMIN.TBL_DESIGN_LIKE (LIKE_NO,DESIGN_NO,USER_ID) values (6,'35','user2');
Insert into ADMIN.TBL_DESIGN_LIKE (LIKE_NO,DESIGN_NO,USER_ID) values (7,'35','user1');
Insert into ADMIN.TBL_DESIGN_LIKE (LIKE_NO,DESIGN_NO,USER_ID) values (8,'36','user1');
Insert into ADMIN.TBL_DESIGN_LIKE (LIKE_NO,DESIGN_NO,USER_ID) values (9,'36','user2');
Insert into ADMIN.TBL_DESIGN_LIKE (LIKE_NO,DESIGN_NO,USER_ID) values (55,'8','user1');
Insert into ADMIN.TBL_DESIGN_LIKE (LIKE_NO,DESIGN_NO,USER_ID) values (48,'44','user1');
Insert into ADMIN.TBL_DESIGN_LIKE (LIKE_NO,DESIGN_NO,USER_ID) values (62,'8','user3');
Insert into ADMIN.TBL_DESIGN_LIKE (LIKE_NO,DESIGN_NO,USER_ID) values (51,'44','user2');
Insert into ADMIN.TBL_DESIGN_LIKE (LIKE_NO,DESIGN_NO,USER_ID) values (63,'1','user3');
Insert into ADMIN.TBL_DESIGN_LIKE (LIKE_NO,DESIGN_NO,USER_ID) values (29,'31','admin');
Insert into ADMIN.TBL_DESIGN_LIKE (LIKE_NO,DESIGN_NO,USER_ID) values (47,'42','user1');
Insert into ADMIN.TBL_DESIGN_LIKE (LIKE_NO,DESIGN_NO,USER_ID) values (36,'32','user1');
Insert into ADMIN.TBL_DESIGN_LIKE (LIKE_NO,DESIGN_NO,USER_ID) values (60,'2','user1');
Insert into ADMIN.TBL_DESIGN_LIKE (LIKE_NO,DESIGN_NO,USER_ID) values (52,'44','user3');
Insert into ADMIN.TBL_DESIGN_LIKE (LIKE_NO,DESIGN_NO,USER_ID) values (57,'1','user1');
Insert into ADMIN.TBL_DESIGN_LIKE (LIKE_NO,DESIGN_NO,USER_ID) values (58,'4','user1');
Insert into ADMIN.TBL_DESIGN_LIKE (LIKE_NO,DESIGN_NO,USER_ID) values (16,'30','admin');
Insert into ADMIN.TBL_DESIGN_LIKE (LIKE_NO,DESIGN_NO,USER_ID) values (25,'30','user1');
Insert into ADMIN.TBL_DESIGN_LIKE (LIKE_NO,DESIGN_NO,USER_ID) values (59,'3','user1');
REM INSERTING into ADMIN.TBL_MILEAGE
SET DEFINE OFF;
Insert into ADMIN.TBL_MILEAGE (MILEAGE_NO,USER_ID,MILEAGE_NAME,MILEAGE_PRICE,MILEAGE_STATUS,CDATETIME) values (18,'user1','룰렛이벤트',10,'적립',to_date('24/09/23','RR/MM/DD'));
Insert into ADMIN.TBL_MILEAGE (MILEAGE_NO,USER_ID,MILEAGE_NAME,MILEAGE_PRICE,MILEAGE_STATUS,CDATETIME) values (20,'user1','룰렛이벤트',50,'적립',to_date('24/09/23','RR/MM/DD'));
Insert into ADMIN.TBL_MILEAGE (MILEAGE_NO,USER_ID,MILEAGE_NAME,MILEAGE_PRICE,MILEAGE_STATUS,CDATETIME) values (21,'user1','룰렛이벤트',10,'적립',to_date('24/09/23','RR/MM/DD'));
Insert into ADMIN.TBL_MILEAGE (MILEAGE_NO,USER_ID,MILEAGE_NAME,MILEAGE_PRICE,MILEAGE_STATUS,CDATETIME) values (22,'user1','룰렛이벤트',50,'적립',to_date('24/09/23','RR/MM/DD'));
Insert into ADMIN.TBL_MILEAGE (MILEAGE_NO,USER_ID,MILEAGE_NAME,MILEAGE_PRICE,MILEAGE_STATUS,CDATETIME) values (26,'user1','룰렛이벤트',50,'적립',to_date('24/09/24','RR/MM/DD'));
Insert into ADMIN.TBL_MILEAGE (MILEAGE_NO,USER_ID,MILEAGE_NAME,MILEAGE_PRICE,MILEAGE_STATUS,CDATETIME) values (28,'user1','룰렛이벤트',10,'적립',to_date('24/09/25','RR/MM/DD'));
Insert into ADMIN.TBL_MILEAGE (MILEAGE_NO,USER_ID,MILEAGE_NAME,MILEAGE_PRICE,MILEAGE_STATUS,CDATETIME) values (36,'user1','상품구매',5000,'사용',to_date('24/09/26','RR/MM/DD'));
Insert into ADMIN.TBL_MILEAGE (MILEAGE_NO,USER_ID,MILEAGE_NAME,MILEAGE_PRICE,MILEAGE_STATUS,CDATETIME) values (37,'user1','상품구매',10650,'적립',to_date('24/09/26','RR/MM/DD'));
Insert into ADMIN.TBL_MILEAGE (MILEAGE_NO,USER_ID,MILEAGE_NAME,MILEAGE_PRICE,MILEAGE_STATUS,CDATETIME) values (42,'user1','상품구매',5750,'적립',to_date('24/10/04','RR/MM/DD'));
Insert into ADMIN.TBL_MILEAGE (MILEAGE_NO,USER_ID,MILEAGE_NAME,MILEAGE_PRICE,MILEAGE_STATUS,CDATETIME) values (44,'user1','상품구매',5,'적립',to_date('24/10/07','RR/MM/DD'));
Insert into ADMIN.TBL_MILEAGE (MILEAGE_NO,USER_ID,MILEAGE_NAME,MILEAGE_PRICE,MILEAGE_STATUS,CDATETIME) values (45,'user1','상품구매',5,'적립',to_date('24/10/07','RR/MM/DD'));
Insert into ADMIN.TBL_MILEAGE (MILEAGE_NO,USER_ID,MILEAGE_NAME,MILEAGE_PRICE,MILEAGE_STATUS,CDATETIME) values (46,'user1','상품구매',7400,'적립',to_date('24/10/07','RR/MM/DD'));
Insert into ADMIN.TBL_MILEAGE (MILEAGE_NO,USER_ID,MILEAGE_NAME,MILEAGE_PRICE,MILEAGE_STATUS,CDATETIME) values (47,'user1','상품구매',16250,'적립',to_date('24/10/07','RR/MM/DD'));
Insert into ADMIN.TBL_MILEAGE (MILEAGE_NO,USER_ID,MILEAGE_NAME,MILEAGE_PRICE,MILEAGE_STATUS,CDATETIME) values (49,'user1','상품구매',5750,'적립',to_date('24/10/07','RR/MM/DD'));
Insert into ADMIN.TBL_MILEAGE (MILEAGE_NO,USER_ID,MILEAGE_NAME,MILEAGE_PRICE,MILEAGE_STATUS,CDATETIME) values (19,'user1','룰렛이벤트',50,'적립',to_date('24/09/23','RR/MM/DD'));
Insert into ADMIN.TBL_MILEAGE (MILEAGE_NO,USER_ID,MILEAGE_NAME,MILEAGE_PRICE,MILEAGE_STATUS,CDATETIME) values (24,'user2','룰렛이벤트',50,'적립',to_date('24/09/23','RR/MM/DD'));
Insert into ADMIN.TBL_MILEAGE (MILEAGE_NO,USER_ID,MILEAGE_NAME,MILEAGE_PRICE,MILEAGE_STATUS,CDATETIME) values (25,'user3','룰렛이벤트',50,'적립',to_date('24/09/23','RR/MM/DD'));
Insert into ADMIN.TBL_MILEAGE (MILEAGE_NO,USER_ID,MILEAGE_NAME,MILEAGE_PRICE,MILEAGE_STATUS,CDATETIME) values (29,'test20','룰렛이벤트',50,'적립',to_date('24/09/26','RR/MM/DD'));
Insert into ADMIN.TBL_MILEAGE (MILEAGE_NO,USER_ID,MILEAGE_NAME,MILEAGE_PRICE,MILEAGE_STATUS,CDATETIME) values (35,'user1','상품구매',30100,'적립',to_date('24/09/26','RR/MM/DD'));
Insert into ADMIN.TBL_MILEAGE (MILEAGE_NO,USER_ID,MILEAGE_NAME,MILEAGE_PRICE,MILEAGE_STATUS,CDATETIME) values (1,'user1','룰렛',1000,'적립',to_date('24/09/19','RR/MM/DD'));
Insert into ADMIN.TBL_MILEAGE (MILEAGE_NO,USER_ID,MILEAGE_NAME,MILEAGE_PRICE,MILEAGE_STATUS,CDATETIME) values (2,'user1','상품구매',3500,'적립',to_date('24/09/19','RR/MM/DD'));
Insert into ADMIN.TBL_MILEAGE (MILEAGE_NO,USER_ID,MILEAGE_NAME,MILEAGE_PRICE,MILEAGE_STATUS,CDATETIME) values (3,'user1','룰렛',500,'적립',to_date('24/09/19','RR/MM/DD'));
Insert into ADMIN.TBL_MILEAGE (MILEAGE_NO,USER_ID,MILEAGE_NAME,MILEAGE_PRICE,MILEAGE_STATUS,CDATETIME) values (4,'user1','상품구매',1000,'사용',to_date('24/09/19','RR/MM/DD'));
Insert into ADMIN.TBL_MILEAGE (MILEAGE_NO,USER_ID,MILEAGE_NAME,MILEAGE_PRICE,MILEAGE_STATUS,CDATETIME) values (5,'user2','룰렛',2000,'적립',to_date('24/09/19','RR/MM/DD'));
Insert into ADMIN.TBL_MILEAGE (MILEAGE_NO,USER_ID,MILEAGE_NAME,MILEAGE_PRICE,MILEAGE_STATUS,CDATETIME) values (6,'user2','룰렛',200,'적립',to_date('24/09/19','RR/MM/DD'));
Insert into ADMIN.TBL_MILEAGE (MILEAGE_NO,USER_ID,MILEAGE_NAME,MILEAGE_PRICE,MILEAGE_STATUS,CDATETIME) values (7,'user2','상품구매',3000,'적립',to_date('24/09/19','RR/MM/DD'));
Insert into ADMIN.TBL_MILEAGE (MILEAGE_NO,USER_ID,MILEAGE_NAME,MILEAGE_PRICE,MILEAGE_STATUS,CDATETIME) values (8,'user2','상품구매',2000,'사용',to_date('24/09/19','RR/MM/DD'));
Insert into ADMIN.TBL_MILEAGE (MILEAGE_NO,USER_ID,MILEAGE_NAME,MILEAGE_PRICE,MILEAGE_STATUS,CDATETIME) values (9,'user3','룰렛',10000,'적립',to_date('24/09/19','RR/MM/DD'));
Insert into ADMIN.TBL_MILEAGE (MILEAGE_NO,USER_ID,MILEAGE_NAME,MILEAGE_PRICE,MILEAGE_STATUS,CDATETIME) values (10,'user3','룰렛',100,'적립',to_date('24/09/19','RR/MM/DD'));
Insert into ADMIN.TBL_MILEAGE (MILEAGE_NO,USER_ID,MILEAGE_NAME,MILEAGE_PRICE,MILEAGE_STATUS,CDATETIME) values (11,'user3','상품구매',2000,'적립',to_date('24/09/19','RR/MM/DD'));
Insert into ADMIN.TBL_MILEAGE (MILEAGE_NO,USER_ID,MILEAGE_NAME,MILEAGE_PRICE,MILEAGE_STATUS,CDATETIME) values (12,'user3','상품구매',2000,'사용',to_date('24/09/19','RR/MM/DD'));
Insert into ADMIN.TBL_MILEAGE (MILEAGE_NO,USER_ID,MILEAGE_NAME,MILEAGE_PRICE,MILEAGE_STATUS,CDATETIME) values (13,'user1','룰렛이벤트',100,'적립',to_date('24/09/23','RR/MM/DD'));
Insert into ADMIN.TBL_MILEAGE (MILEAGE_NO,USER_ID,MILEAGE_NAME,MILEAGE_PRICE,MILEAGE_STATUS,CDATETIME) values (14,'user1','룰렛이벤트',10,'적립',to_date('24/09/23','RR/MM/DD'));
Insert into ADMIN.TBL_MILEAGE (MILEAGE_NO,USER_ID,MILEAGE_NAME,MILEAGE_PRICE,MILEAGE_STATUS,CDATETIME) values (15,'user1','룰렛이벤트',50,'적립',to_date('24/09/23','RR/MM/DD'));
Insert into ADMIN.TBL_MILEAGE (MILEAGE_NO,USER_ID,MILEAGE_NAME,MILEAGE_PRICE,MILEAGE_STATUS,CDATETIME) values (16,'user1','룰렛이벤트',50,'적립',to_date('24/09/23','RR/MM/DD'));
Insert into ADMIN.TBL_MILEAGE (MILEAGE_NO,USER_ID,MILEAGE_NAME,MILEAGE_PRICE,MILEAGE_STATUS,CDATETIME) values (17,'user1','룰렛이벤트',10,'적립',to_date('24/09/23','RR/MM/DD'));
Insert into ADMIN.TBL_MILEAGE (MILEAGE_NO,USER_ID,MILEAGE_NAME,MILEAGE_PRICE,MILEAGE_STATUS,CDATETIME) values (23,'user1','룰렛이벤트',10,'적립',to_date('24/09/23','RR/MM/DD'));
Insert into ADMIN.TBL_MILEAGE (MILEAGE_NO,USER_ID,MILEAGE_NAME,MILEAGE_PRICE,MILEAGE_STATUS,CDATETIME) values (27,'user1','상품구매',4750,'적립',to_date('24/09/24','RR/MM/DD'));
Insert into ADMIN.TBL_MILEAGE (MILEAGE_NO,USER_ID,MILEAGE_NAME,MILEAGE_PRICE,MILEAGE_STATUS,CDATETIME) values (38,'user1','룰렛이벤트',100,'적립',to_date('24/10/01','RR/MM/DD'));
Insert into ADMIN.TBL_MILEAGE (MILEAGE_NO,USER_ID,MILEAGE_NAME,MILEAGE_PRICE,MILEAGE_STATUS,CDATETIME) values (39,'user1','상품구매',6950,'적립',to_date('24/10/02','RR/MM/DD'));
Insert into ADMIN.TBL_MILEAGE (MILEAGE_NO,USER_ID,MILEAGE_NAME,MILEAGE_PRICE,MILEAGE_STATUS,CDATETIME) values (40,'user3','상품구매',5,'적립',to_date('24/10/04','RR/MM/DD'));
Insert into ADMIN.TBL_MILEAGE (MILEAGE_NO,USER_ID,MILEAGE_NAME,MILEAGE_PRICE,MILEAGE_STATUS,CDATETIME) values (41,'user3','상품구매',1000,'사용',to_date('24/10/04','RR/MM/DD'));
Insert into ADMIN.TBL_MILEAGE (MILEAGE_NO,USER_ID,MILEAGE_NAME,MILEAGE_PRICE,MILEAGE_STATUS,CDATETIME) values (48,'user1','상품구매',4750,'적립',to_date('24/10/07','RR/MM/DD'));
Insert into ADMIN.TBL_MILEAGE (MILEAGE_NO,USER_ID,MILEAGE_NAME,MILEAGE_PRICE,MILEAGE_STATUS,CDATETIME) values (50,'user1','상품구매',11500,'적립',to_date('24/10/07','RR/MM/DD'));
Insert into ADMIN.TBL_MILEAGE (MILEAGE_NO,USER_ID,MILEAGE_NAME,MILEAGE_PRICE,MILEAGE_STATUS,CDATETIME) values (30,'user1','상품구매',210,'사용',to_date('24/09/26','RR/MM/DD'));
Insert into ADMIN.TBL_MILEAGE (MILEAGE_NO,USER_ID,MILEAGE_NAME,MILEAGE_PRICE,MILEAGE_STATUS,CDATETIME) values (51,'sejin1','상품구매',10650,'적립',to_date('24/10/11','RR/MM/DD'));
Insert into ADMIN.TBL_MILEAGE (MILEAGE_NO,USER_ID,MILEAGE_NAME,MILEAGE_PRICE,MILEAGE_STATUS,CDATETIME) values (52,'user3','상품구매',24300,'적립',to_date('24/10/11','RR/MM/DD'));
Insert into ADMIN.TBL_MILEAGE (MILEAGE_NO,USER_ID,MILEAGE_NAME,MILEAGE_PRICE,MILEAGE_STATUS,CDATETIME) values (34,'user1','상품구매',0,'적립',to_date('24/09/26','RR/MM/DD'));
Insert into ADMIN.TBL_MILEAGE (MILEAGE_NO,USER_ID,MILEAGE_NAME,MILEAGE_PRICE,MILEAGE_STATUS,CDATETIME) values (43,'user1','룰렛이벤트',50,'적립',to_date('24/10/04','RR/MM/DD'));
REM INSERTING into ADMIN.TBL_ONEDAYFILE
SET DEFINE OFF;
Insert into ADMIN.TBL_ONEDAYFILE (FILE_NAME,FILE_PATH,FILE_SIZE,EXT_NAME,CLASS_NO,FILE_NO,ORG_NAME) values ('1727999789772.jpg','../uploadImages/oneday/1727999789772.jpg','271230','.jpg',1,1,null);
Insert into ADMIN.TBL_ONEDAYFILE (FILE_NAME,FILE_PATH,FILE_SIZE,EXT_NAME,CLASS_NO,FILE_NO,ORG_NAME) values ('1727999789798.jpg','../uploadImages/oneday/1727999789798.jpg','93337','.jpg',1,2,null);
Insert into ADMIN.TBL_ONEDAYFILE (FILE_NAME,FILE_PATH,FILE_SIZE,EXT_NAME,CLASS_NO,FILE_NO,ORG_NAME) values ('1727999789807.jpg','../uploadImages/oneday/1727999789807.jpg','173795','.jpg',1,3,null);
Insert into ADMIN.TBL_ONEDAYFILE (FILE_NAME,FILE_PATH,FILE_SIZE,EXT_NAME,CLASS_NO,FILE_NO,ORG_NAME) values ('1727999789817.jpg','../uploadImages/oneday/1727999789817.jpg','241720','.jpg',1,4,null);
Insert into ADMIN.TBL_ONEDAYFILE (FILE_NAME,FILE_PATH,FILE_SIZE,EXT_NAME,CLASS_NO,FILE_NO,ORG_NAME) values ('1728000057405.jpg','../uploadImages/oneday/1728000057405.jpg','282859','.jpg',2,5,null);
Insert into ADMIN.TBL_ONEDAYFILE (FILE_NAME,FILE_PATH,FILE_SIZE,EXT_NAME,CLASS_NO,FILE_NO,ORG_NAME) values ('1728000057427.jpg','../uploadImages/oneday/1728000057427.jpg','253656','.jpg',2,6,null);
Insert into ADMIN.TBL_ONEDAYFILE (FILE_NAME,FILE_PATH,FILE_SIZE,EXT_NAME,CLASS_NO,FILE_NO,ORG_NAME) values ('1728000057437.jpg','../uploadImages/oneday/1728000057437.jpg','346234','.jpg',2,7,null);
Insert into ADMIN.TBL_ONEDAYFILE (FILE_NAME,FILE_PATH,FILE_SIZE,EXT_NAME,CLASS_NO,FILE_NO,ORG_NAME) values ('1728000057447.jpg','../uploadImages/oneday/1728000057447.jpg','243017','.jpg',2,8,null);
Insert into ADMIN.TBL_ONEDAYFILE (FILE_NAME,FILE_PATH,FILE_SIZE,EXT_NAME,CLASS_NO,FILE_NO,ORG_NAME) values ('1728000164673.jpg','../uploadImages/oneday/1728000164673.jpg','249257','.jpg',3,9,null);
Insert into ADMIN.TBL_ONEDAYFILE (FILE_NAME,FILE_PATH,FILE_SIZE,EXT_NAME,CLASS_NO,FILE_NO,ORG_NAME) values ('1728000164683.jpg','../uploadImages/oneday/1728000164683.jpg','174652','.jpg',3,10,null);
Insert into ADMIN.TBL_ONEDAYFILE (FILE_NAME,FILE_PATH,FILE_SIZE,EXT_NAME,CLASS_NO,FILE_NO,ORG_NAME) values ('1728000164694.jpg','../uploadImages/oneday/1728000164694.jpg','248144','.jpg',3,11,null);
Insert into ADMIN.TBL_ONEDAYFILE (FILE_NAME,FILE_PATH,FILE_SIZE,EXT_NAME,CLASS_NO,FILE_NO,ORG_NAME) values ('1728000164706.jpg','../uploadImages/oneday/1728000164706.jpg','199903','.jpg',3,12,null);
Insert into ADMIN.TBL_ONEDAYFILE (FILE_NAME,FILE_PATH,FILE_SIZE,EXT_NAME,CLASS_NO,FILE_NO,ORG_NAME) values ('1728000223531.jpg','../uploadImages/oneday/1728000223531.jpg','204917','.jpg',4,13,null);
Insert into ADMIN.TBL_ONEDAYFILE (FILE_NAME,FILE_PATH,FILE_SIZE,EXT_NAME,CLASS_NO,FILE_NO,ORG_NAME) values ('1728000223542.jpg','../uploadImages/oneday/1728000223542.jpg','180727','.jpg',4,14,null);
Insert into ADMIN.TBL_ONEDAYFILE (FILE_NAME,FILE_PATH,FILE_SIZE,EXT_NAME,CLASS_NO,FILE_NO,ORG_NAME) values ('1728000223551.jpg','../uploadImages/oneday/1728000223551.jpg','259219','.jpg',4,15,null);
Insert into ADMIN.TBL_ONEDAYFILE (FILE_NAME,FILE_PATH,FILE_SIZE,EXT_NAME,CLASS_NO,FILE_NO,ORG_NAME) values ('1728000223561.jpg','../uploadImages/oneday/1728000223561.jpg','150193','.jpg',4,16,null);
Insert into ADMIN.TBL_ONEDAYFILE (FILE_NAME,FILE_PATH,FILE_SIZE,EXT_NAME,CLASS_NO,FILE_NO,ORG_NAME) values ('1728000474238.jpg','../uploadImages/oneday/1728000474238.jpg','69130','.jpg',6,21,null);
Insert into ADMIN.TBL_ONEDAYFILE (FILE_NAME,FILE_PATH,FILE_SIZE,EXT_NAME,CLASS_NO,FILE_NO,ORG_NAME) values ('1728000474254.jpg','../uploadImages/oneday/1728000474254.jpg','94668','.jpg',6,22,null);
Insert into ADMIN.TBL_ONEDAYFILE (FILE_NAME,FILE_PATH,FILE_SIZE,EXT_NAME,CLASS_NO,FILE_NO,ORG_NAME) values ('1728000474263.jpg','../uploadImages/oneday/1728000474263.jpg','62112','.jpg',6,23,null);
Insert into ADMIN.TBL_ONEDAYFILE (FILE_NAME,FILE_PATH,FILE_SIZE,EXT_NAME,CLASS_NO,FILE_NO,ORG_NAME) values ('1728000474273.jpg','../uploadImages/oneday/1728000474273.jpg','186385','.jpg',6,24,null);
Insert into ADMIN.TBL_ONEDAYFILE (FILE_NAME,FILE_PATH,FILE_SIZE,EXT_NAME,CLASS_NO,FILE_NO,ORG_NAME) values ('1728000742415.jpg','../uploadImages/oneday/1728000742415.jpg','20810','.jpg',7,25,null);
Insert into ADMIN.TBL_ONEDAYFILE (FILE_NAME,FILE_PATH,FILE_SIZE,EXT_NAME,CLASS_NO,FILE_NO,ORG_NAME) values ('1728000742432.jpg','../uploadImages/oneday/1728000742432.jpg','143139','.jpg',7,26,null);
Insert into ADMIN.TBL_ONEDAYFILE (FILE_NAME,FILE_PATH,FILE_SIZE,EXT_NAME,CLASS_NO,FILE_NO,ORG_NAME) values ('1728000742441.jpg','../uploadImages/oneday/1728000742441.jpg','165516','.jpg',7,27,null);
Insert into ADMIN.TBL_ONEDAYFILE (FILE_NAME,FILE_PATH,FILE_SIZE,EXT_NAME,CLASS_NO,FILE_NO,ORG_NAME) values ('1728000742451.jpg','../uploadImages/oneday/1728000742451.jpg','18833','.jpg',7,28,null);
Insert into ADMIN.TBL_ONEDAYFILE (FILE_NAME,FILE_PATH,FILE_SIZE,EXT_NAME,CLASS_NO,FILE_NO,ORG_NAME) values ('1728001109623.jpg','../uploadImages/oneday/1728001109623.jpg','265690','.jpg',9,33,null);
Insert into ADMIN.TBL_ONEDAYFILE (FILE_NAME,FILE_PATH,FILE_SIZE,EXT_NAME,CLASS_NO,FILE_NO,ORG_NAME) values ('1728001109637.jpg','../uploadImages/oneday/1728001109637.jpg','183695','.jpg',9,34,null);
Insert into ADMIN.TBL_ONEDAYFILE (FILE_NAME,FILE_PATH,FILE_SIZE,EXT_NAME,CLASS_NO,FILE_NO,ORG_NAME) values ('1728001109651.jpg','../uploadImages/oneday/1728001109651.jpg','219300','.jpg',9,35,null);
Insert into ADMIN.TBL_ONEDAYFILE (FILE_NAME,FILE_PATH,FILE_SIZE,EXT_NAME,CLASS_NO,FILE_NO,ORG_NAME) values ('1728001109661.jpg','../uploadImages/oneday/1728001109661.jpg','212059','.jpg',9,36,null);
Insert into ADMIN.TBL_ONEDAYFILE (FILE_NAME,FILE_PATH,FILE_SIZE,EXT_NAME,CLASS_NO,FILE_NO,ORG_NAME) values ('1728000940854.jpg','../uploadImages/oneday/1728000940854.jpg','149160','.jpg',8,30,null);
Insert into ADMIN.TBL_ONEDAYFILE (FILE_NAME,FILE_PATH,FILE_SIZE,EXT_NAME,CLASS_NO,FILE_NO,ORG_NAME) values ('1728000940864.jpg','../uploadImages/oneday/1728000940864.jpg','187911','.jpg',8,31,null);
Insert into ADMIN.TBL_ONEDAYFILE (FILE_NAME,FILE_PATH,FILE_SIZE,EXT_NAME,CLASS_NO,FILE_NO,ORG_NAME) values ('1728000940873.jpg','../uploadImages/oneday/1728000940873.jpg','117674','.jpg',8,32,null);
Insert into ADMIN.TBL_ONEDAYFILE (FILE_NAME,FILE_PATH,FILE_SIZE,EXT_NAME,CLASS_NO,FILE_NO,ORG_NAME) values ('1728001193167.jpg','../uploadImages/oneday/1728001193167.jpg','39741','.jpg',10,37,null);
Insert into ADMIN.TBL_ONEDAYFILE (FILE_NAME,FILE_PATH,FILE_SIZE,EXT_NAME,CLASS_NO,FILE_NO,ORG_NAME) values ('1728001193181.jpeg','../uploadImages/oneday/1728001193181.jpeg','81467','.jpeg',10,38,null);
Insert into ADMIN.TBL_ONEDAYFILE (FILE_NAME,FILE_PATH,FILE_SIZE,EXT_NAME,CLASS_NO,FILE_NO,ORG_NAME) values ('1728001193190.jpg','../uploadImages/oneday/1728001193190.jpg','68811','.jpg',10,39,null);
Insert into ADMIN.TBL_ONEDAYFILE (FILE_NAME,FILE_PATH,FILE_SIZE,EXT_NAME,CLASS_NO,FILE_NO,ORG_NAME) values ('1728001193199.png','../uploadImages/oneday/1728001193199.png','504545','.png',10,40,null);
Insert into ADMIN.TBL_ONEDAYFILE (FILE_NAME,FILE_PATH,FILE_SIZE,EXT_NAME,CLASS_NO,FILE_NO,ORG_NAME) values ('1728001241714.jpg','../uploadImages/oneday/1728001241714.jpg','277860','.jpg',11,41,null);
Insert into ADMIN.TBL_ONEDAYFILE (FILE_NAME,FILE_PATH,FILE_SIZE,EXT_NAME,CLASS_NO,FILE_NO,ORG_NAME) values ('1728000940833.jpg','../uploadImages/oneday/1728000940833.jpg','139368','.jpg',8,29,null);
Insert into ADMIN.TBL_ONEDAYFILE (FILE_NAME,FILE_PATH,FILE_SIZE,EXT_NAME,CLASS_NO,FILE_NO,ORG_NAME) values ('1728001241727.jpg','../uploadImages/oneday/1728001241727.jpg','248403','.jpg',11,42,null);
Insert into ADMIN.TBL_ONEDAYFILE (FILE_NAME,FILE_PATH,FILE_SIZE,EXT_NAME,CLASS_NO,FILE_NO,ORG_NAME) values ('1728001241736.jpg','../uploadImages/oneday/1728001241736.jpg','302798','.jpg',11,43,null);
Insert into ADMIN.TBL_ONEDAYFILE (FILE_NAME,FILE_PATH,FILE_SIZE,EXT_NAME,CLASS_NO,FILE_NO,ORG_NAME) values ('1728001241745.jpg','../uploadImages/oneday/1728001241745.jpg','140353','.jpg',11,44,null);
Insert into ADMIN.TBL_ONEDAYFILE (FILE_NAME,FILE_PATH,FILE_SIZE,EXT_NAME,CLASS_NO,FILE_NO,ORG_NAME) values ('1728001390552.jpg','../uploadImages/oneday/1728001390552.jpg','258511','.jpg',12,45,null);
Insert into ADMIN.TBL_ONEDAYFILE (FILE_NAME,FILE_PATH,FILE_SIZE,EXT_NAME,CLASS_NO,FILE_NO,ORG_NAME) values ('1728001390571.jpg','../uploadImages/oneday/1728001390571.jpg','211071','.jpg',12,46,null);
Insert into ADMIN.TBL_ONEDAYFILE (FILE_NAME,FILE_PATH,FILE_SIZE,EXT_NAME,CLASS_NO,FILE_NO,ORG_NAME) values ('1728001390585.jpg','../uploadImages/oneday/1728001390585.jpg','311629','.jpg',12,47,null);
Insert into ADMIN.TBL_ONEDAYFILE (FILE_NAME,FILE_PATH,FILE_SIZE,EXT_NAME,CLASS_NO,FILE_NO,ORG_NAME) values ('1728001390599.jpg','../uploadImages/oneday/1728001390599.jpg','51061','.jpg',12,48,null);
REM INSERTING into ADMIN.TBL_ONEDAYTHUMB
SET DEFINE OFF;
Insert into ADMIN.TBL_ONEDAYTHUMB (THUMB_NAME,THUMB_PATH,THUMB_SIZE,EXT_NAME,CLASS_NO,THUMB_NO) values ('1728000742410.jpg','../uploadImages/oneday/thumb/1728000742410.jpg','173953','.jpg',7,7);
Insert into ADMIN.TBL_ONEDAYTHUMB (THUMB_NAME,THUMB_PATH,THUMB_SIZE,EXT_NAME,CLASS_NO,THUMB_NO) values ('1728000940827.jpg','../uploadImages/oneday/thumb/1728000940827.jpg','194463','.jpg',8,8);
Insert into ADMIN.TBL_ONEDAYTHUMB (THUMB_NAME,THUMB_PATH,THUMB_SIZE,EXT_NAME,CLASS_NO,THUMB_NO) values ('1728001193170.jpg','../uploadImages/oneday/thumb/1728001193170.jpg','1721492','.jpg',10,10);
Insert into ADMIN.TBL_ONEDAYTHUMB (THUMB_NAME,THUMB_PATH,THUMB_SIZE,EXT_NAME,CLASS_NO,THUMB_NO) values ('1728001241708.jpg','../uploadImages/oneday/thumb/1728001241708.jpg','291170','.jpg',11,11);
Insert into ADMIN.TBL_ONEDAYTHUMB (THUMB_NAME,THUMB_PATH,THUMB_SIZE,EXT_NAME,CLASS_NO,THUMB_NO) values ('1728000057397.jpg','../uploadImages/oneday/thumb/1728000057397.jpg','261988','.jpg',2,2);
Insert into ADMIN.TBL_ONEDAYTHUMB (THUMB_NAME,THUMB_PATH,THUMB_SIZE,EXT_NAME,CLASS_NO,THUMB_NO) values ('1728000164666.jpg','../uploadImages/oneday/thumb/1728000164666.jpg','129419','.jpg',3,3);
Insert into ADMIN.TBL_ONEDAYTHUMB (THUMB_NAME,THUMB_PATH,THUMB_SIZE,EXT_NAME,CLASS_NO,THUMB_NO) values ('1727999789772.jpg','../uploadImages/oneday/thumb/1727999789772.jpg','209017','.jpg',1,1);
Insert into ADMIN.TBL_ONEDAYTHUMB (THUMB_NAME,THUMB_PATH,THUMB_SIZE,EXT_NAME,CLASS_NO,THUMB_NO) values ('1728000223525.jpg','../uploadImages/oneday/thumb/1728000223525.jpg','317369','.jpg',4,4);
Insert into ADMIN.TBL_ONEDAYTHUMB (THUMB_NAME,THUMB_PATH,THUMB_SIZE,EXT_NAME,CLASS_NO,THUMB_NO) values ('1728000474231.jpg','../uploadImages/oneday/thumb/1728000474231.jpg','42825','.jpg',6,6);
Insert into ADMIN.TBL_ONEDAYTHUMB (THUMB_NAME,THUMB_PATH,THUMB_SIZE,EXT_NAME,CLASS_NO,THUMB_NO) values ('1728001109616.jpg','../uploadImages/oneday/thumb/1728001109616.jpg','265082','.jpg',9,9);
Insert into ADMIN.TBL_ONEDAYTHUMB (THUMB_NAME,THUMB_PATH,THUMB_SIZE,EXT_NAME,CLASS_NO,THUMB_NO) values ('1728001390546.jpg','../uploadImages/oneday/thumb/1728001390546.jpg','116724','.jpg',12,12);
REM INSERTING into ADMIN.TBL_PARTICIPANT
SET DEFINE OFF;
Insert into ADMIN.TBL_PARTICIPANT (PAY_ID,NAME,USER_ID,PRICE,PAY_DAY,CLASS_NO,JOIN_DAY,PAY_UID,COUNT) values (null,null,'user3',null,null,6,to_date('24/10/04','RR/MM/DD'),null,1);
Insert into ADMIN.TBL_PARTICIPANT (PAY_ID,NAME,USER_ID,PRICE,PAY_DAY,CLASS_NO,JOIN_DAY,PAY_UID,COUNT) values ('oneday1728027249939',null,'user1','100',to_date('24/10/04','RR/MM/DD'),9,to_date('24/10/04','RR/MM/DD'),'imp_525251365235',1);
Insert into ADMIN.TBL_PARTICIPANT (PAY_ID,NAME,USER_ID,PRICE,PAY_DAY,CLASS_NO,JOIN_DAY,PAY_UID,COUNT) values ('oneday1728019137735',null,'user3','200',to_date('24/10/04','RR/MM/DD'),10,to_date('24/10/04','RR/MM/DD'),'imp_609138452490',2);
Insert into ADMIN.TBL_PARTICIPANT (PAY_ID,NAME,USER_ID,PRICE,PAY_DAY,CLASS_NO,JOIN_DAY,PAY_UID,COUNT) values (null,null,'user3',null,null,12,to_date('24/10/11','RR/MM/DD'),null,1);
Insert into ADMIN.TBL_PARTICIPANT (PAY_ID,NAME,USER_ID,PRICE,PAY_DAY,CLASS_NO,JOIN_DAY,PAY_UID,COUNT) values (null,null,'user1',null,null,8,to_date('24/10/04','RR/MM/DD'),null,1);
Insert into ADMIN.TBL_PARTICIPANT (PAY_ID,NAME,USER_ID,PRICE,PAY_DAY,CLASS_NO,JOIN_DAY,PAY_UID,COUNT) values (null,null,'user3',null,null,7,to_date('24/10/04','RR/MM/DD'),null,2);
Insert into ADMIN.TBL_PARTICIPANT (PAY_ID,NAME,USER_ID,PRICE,PAY_DAY,CLASS_NO,JOIN_DAY,PAY_UID,COUNT) values (null,null,'user3',null,null,11,to_date('24/10/04','RR/MM/DD'),null,1);
Insert into ADMIN.TBL_PARTICIPANT (PAY_ID,NAME,USER_ID,PRICE,PAY_DAY,CLASS_NO,JOIN_DAY,PAY_UID,COUNT) values ('oneday1728618183635',null,'sejin1','200',to_date('24/10/11','RR/MM/DD'),9,to_date('24/10/11','RR/MM/DD'),'imp_284183357576',2);
Insert into ADMIN.TBL_PARTICIPANT (PAY_ID,NAME,USER_ID,PRICE,PAY_DAY,CLASS_NO,JOIN_DAY,PAY_UID,COUNT) values (null,null,'user3',null,null,8,to_date('24/10/11','RR/MM/DD'),null,2);
Insert into ADMIN.TBL_PARTICIPANT (PAY_ID,NAME,USER_ID,PRICE,PAY_DAY,CLASS_NO,JOIN_DAY,PAY_UID,COUNT) values ('oneday1728019082903',null,'user3','100',to_date('24/10/04','RR/MM/DD'),4,to_date('24/10/04','RR/MM/DD'),'imp_423083544749',1);
REM INSERTING into ADMIN.TBL_PAYMENT
SET DEFINE OFF;
Insert into ADMIN.TBL_PAYMENT (PAYMENT_NO,USER_ID,PAYMENT_PHONE,PAYMENT_NAME,PAYMENT_IMP_UID,PAYMENT_MERCHANT_UID,PAYMENT_AMOUNT,PAYMENT_CATEGORY,PAYMENT_STATUS,PAYMENT_PAY_DATE,PAYMENT_REFUND_DATE,ORDER_NO) values (51,'user1','01087419093','홍길동','imp_030641663941','product1728269640663',100,'product','P',to_date('24/10/07','RR/MM/DD'),null,'57');
Insert into ADMIN.TBL_PAYMENT (PAYMENT_NO,USER_ID,PAYMENT_PHONE,PAYMENT_NAME,PAYMENT_IMP_UID,PAYMENT_MERCHANT_UID,PAYMENT_AMOUNT,PAYMENT_CATEGORY,PAYMENT_STATUS,PAYMENT_PAY_DATE,PAYMENT_REFUND_DATE,ORDER_NO) values (13,'user1','01012349876','홍길동','imp_962145204385','oneday1727836144241',100,'oneday','R',to_date('24/10/02','RR/MM/DD'),to_date('24/10/04','RR/MM/DD'),'4');
Insert into ADMIN.TBL_PAYMENT (PAYMENT_NO,USER_ID,PAYMENT_PHONE,PAYMENT_NAME,PAYMENT_IMP_UID,PAYMENT_MERCHANT_UID,PAYMENT_AMOUNT,PAYMENT_CATEGORY,PAYMENT_STATUS,PAYMENT_PAY_DATE,PAYMENT_REFUND_DATE,ORDER_NO) values (46,'user3','01012349876','박영희','imp_276586315783','oneday1728019585653',200,'oneday','R',to_date('24/10/04','RR/MM/DD'),to_date('24/10/04','RR/MM/DD'),'8');
Insert into ADMIN.TBL_PAYMENT (PAYMENT_NO,USER_ID,PAYMENT_PHONE,PAYMENT_NAME,PAYMENT_IMP_UID,PAYMENT_MERCHANT_UID,PAYMENT_AMOUNT,PAYMENT_CATEGORY,PAYMENT_STATUS,PAYMENT_PAY_DATE,PAYMENT_REFUND_DATE,ORDER_NO) values (53,'user1','01087419093','홍길동','imp_931163803677','product1728270162831',100,'product','P',to_date('24/10/07','RR/MM/DD'),null,'28');
Insert into ADMIN.TBL_PAYMENT (PAYMENT_NO,USER_ID,PAYMENT_PHONE,PAYMENT_NAME,PAYMENT_IMP_UID,PAYMENT_MERCHANT_UID,PAYMENT_AMOUNT,PAYMENT_CATEGORY,PAYMENT_STATUS,PAYMENT_PAY_DATE,PAYMENT_REFUND_DATE,ORDER_NO) values (55,'user1','01087419093','홍길동','imp_576260979945','product1728270260023',100,'product','R',to_date('24/10/07','RR/MM/DD'),to_date('24/10/07','RR/MM/DD'),'40');
Insert into ADMIN.TBL_PAYMENT (PAYMENT_NO,USER_ID,PAYMENT_PHONE,PAYMENT_NAME,PAYMENT_IMP_UID,PAYMENT_MERCHANT_UID,PAYMENT_AMOUNT,PAYMENT_CATEGORY,PAYMENT_STATUS,PAYMENT_PAY_DATE,PAYMENT_REFUND_DATE,ORDER_NO) values (14,'user1','01012349876','홍길동','imp_053761430301','oneday1727836760489',100,'oneday','R',to_date('24/10/02','RR/MM/DD'),to_date('24/10/02','RR/MM/DD'),'12');
Insert into ADMIN.TBL_PAYMENT (PAYMENT_NO,USER_ID,PAYMENT_PHONE,PAYMENT_NAME,PAYMENT_IMP_UID,PAYMENT_MERCHANT_UID,PAYMENT_AMOUNT,PAYMENT_CATEGORY,PAYMENT_STATUS,PAYMENT_PAY_DATE,PAYMENT_REFUND_DATE,ORDER_NO) values (16,'user1','01012349876','홍길동','imp_913273850791','oneday1727837273494',100,'oneday','R',to_date('24/10/02','RR/MM/DD'),to_date('24/10/04','RR/MM/DD'),'4');
Insert into ADMIN.TBL_PAYMENT (PAYMENT_NO,USER_ID,PAYMENT_PHONE,PAYMENT_NAME,PAYMENT_IMP_UID,PAYMENT_MERCHANT_UID,PAYMENT_AMOUNT,PAYMENT_CATEGORY,PAYMENT_STATUS,PAYMENT_PAY_DATE,PAYMENT_REFUND_DATE,ORDER_NO) values (18,'user2','01012349876','김철수','imp_385191292685','oneday1727839190836',100,'oneday','R',to_date('24/10/02','RR/MM/DD'),to_date('24/10/04','RR/MM/DD'),'4');
Insert into ADMIN.TBL_PAYMENT (PAYMENT_NO,USER_ID,PAYMENT_PHONE,PAYMENT_NAME,PAYMENT_IMP_UID,PAYMENT_MERCHANT_UID,PAYMENT_AMOUNT,PAYMENT_CATEGORY,PAYMENT_STATUS,PAYMENT_PAY_DATE,PAYMENT_REFUND_DATE,ORDER_NO) values (57,'sejin1','01012349876','세진','imp_284183357576','oneday1728618183635',200,'oneday','P',to_date('24/10/11','RR/MM/DD'),null,'9');
Insert into ADMIN.TBL_PAYMENT (PAYMENT_NO,USER_ID,PAYMENT_PHONE,PAYMENT_NAME,PAYMENT_IMP_UID,PAYMENT_MERCHANT_UID,PAYMENT_AMOUNT,PAYMENT_CATEGORY,PAYMENT_STATUS,PAYMENT_PAY_DATE,PAYMENT_REFUND_DATE,ORDER_NO) values (41,'user3','01012345678','박영희','imp_147090310661','product1728008089862',100,'product','R',to_date('24/10/04','RR/MM/DD'),to_date('24/10/07','RR/MM/DD'),'40');
Insert into ADMIN.TBL_PAYMENT (PAYMENT_NO,USER_ID,PAYMENT_PHONE,PAYMENT_NAME,PAYMENT_IMP_UID,PAYMENT_MERCHANT_UID,PAYMENT_AMOUNT,PAYMENT_CATEGORY,PAYMENT_STATUS,PAYMENT_PAY_DATE,PAYMENT_REFUND_DATE,ORDER_NO) values (35,'user3','01012345678','박영희','imp_573547680071','product1728004546799',100,'product','R',to_date('24/10/04','RR/MM/DD'),to_date('24/10/07','RR/MM/DD'),'57');
Insert into ADMIN.TBL_PAYMENT (PAYMENT_NO,USER_ID,PAYMENT_PHONE,PAYMENT_NAME,PAYMENT_IMP_UID,PAYMENT_MERCHANT_UID,PAYMENT_AMOUNT,PAYMENT_CATEGORY,PAYMENT_STATUS,PAYMENT_PAY_DATE,PAYMENT_REFUND_DATE,ORDER_NO) values (37,'user3','01012345678','박영희','imp_210848479115','product1728004847624',100,'product','R',to_date('24/10/04','RR/MM/DD'),to_date('24/10/07','RR/MM/DD'),'57');
Insert into ADMIN.TBL_PAYMENT (PAYMENT_NO,USER_ID,PAYMENT_PHONE,PAYMENT_NAME,PAYMENT_IMP_UID,PAYMENT_MERCHANT_UID,PAYMENT_AMOUNT,PAYMENT_CATEGORY,PAYMENT_STATUS,PAYMENT_PAY_DATE,PAYMENT_REFUND_DATE,ORDER_NO) values (34,'user3','01012345678','박영희','imp_677048292196','product1728004047352',100,'product','R',to_date('24/10/04','RR/MM/DD'),to_date('24/10/07','RR/MM/DD'),'57');
Insert into ADMIN.TBL_PAYMENT (PAYMENT_NO,USER_ID,PAYMENT_PHONE,PAYMENT_NAME,PAYMENT_IMP_UID,PAYMENT_MERCHANT_UID,PAYMENT_AMOUNT,PAYMENT_CATEGORY,PAYMENT_STATUS,PAYMENT_PAY_DATE,PAYMENT_REFUND_DATE,ORDER_NO) values (40,'user3','01012345678','박영희','imp_997171080235','product1728006170158',100,'product','P',to_date('24/10/04','RR/MM/DD'),null,'56');
Insert into ADMIN.TBL_PAYMENT (PAYMENT_NO,USER_ID,PAYMENT_PHONE,PAYMENT_NAME,PAYMENT_IMP_UID,PAYMENT_MERCHANT_UID,PAYMENT_AMOUNT,PAYMENT_CATEGORY,PAYMENT_STATUS,PAYMENT_PAY_DATE,PAYMENT_REFUND_DATE,ORDER_NO) values (44,'user3','01012349876','박영희','imp_423083544749','oneday1728019082903',100,'oneday','R',to_date('24/10/04','RR/MM/DD'),to_date('24/10/04','RR/MM/DD'),'4');
Insert into ADMIN.TBL_PAYMENT (PAYMENT_NO,USER_ID,PAYMENT_PHONE,PAYMENT_NAME,PAYMENT_IMP_UID,PAYMENT_MERCHANT_UID,PAYMENT_AMOUNT,PAYMENT_CATEGORY,PAYMENT_STATUS,PAYMENT_PAY_DATE,PAYMENT_REFUND_DATE,ORDER_NO) values (54,'user1','01087419093','홍길동','imp_659206975347','product1728270205983',100,'product','R',to_date('24/10/07','RR/MM/DD'),to_date('24/10/07','RR/MM/DD'),'28');
Insert into ADMIN.TBL_PAYMENT (PAYMENT_NO,USER_ID,PAYMENT_PHONE,PAYMENT_NAME,PAYMENT_IMP_UID,PAYMENT_MERCHANT_UID,PAYMENT_AMOUNT,PAYMENT_CATEGORY,PAYMENT_STATUS,PAYMENT_PAY_DATE,PAYMENT_REFUND_DATE,ORDER_NO) values (48,'user1','01012349876','홍길동','imp_525251365235','oneday1728027249939',100,'oneday','P',to_date('24/10/04','RR/MM/DD'),null,'9');
Insert into ADMIN.TBL_PAYMENT (PAYMENT_NO,USER_ID,PAYMENT_PHONE,PAYMENT_NAME,PAYMENT_IMP_UID,PAYMENT_MERCHANT_UID,PAYMENT_AMOUNT,PAYMENT_CATEGORY,PAYMENT_STATUS,PAYMENT_PAY_DATE,PAYMENT_REFUND_DATE,ORDER_NO) values (56,'user1','01087419093','홍길동','imp_299308151226','product1728270307175',100,'product','R',to_date('24/10/07','RR/MM/DD'),to_date('24/10/07','RR/MM/DD'),'40');
Insert into ADMIN.TBL_PAYMENT (PAYMENT_NO,USER_ID,PAYMENT_PHONE,PAYMENT_NAME,PAYMENT_IMP_UID,PAYMENT_MERCHANT_UID,PAYMENT_AMOUNT,PAYMENT_CATEGORY,PAYMENT_STATUS,PAYMENT_PAY_DATE,PAYMENT_REFUND_DATE,ORDER_NO) values (12,'user1','01012349876','홍길동','imp_931928650091','oneday1727833927745',100,'oneday','R',to_date('24/10/02','RR/MM/DD'),to_date('24/10/02','RR/MM/DD'),'12');
Insert into ADMIN.TBL_PAYMENT (PAYMENT_NO,USER_ID,PAYMENT_PHONE,PAYMENT_NAME,PAYMENT_IMP_UID,PAYMENT_MERCHANT_UID,PAYMENT_AMOUNT,PAYMENT_CATEGORY,PAYMENT_STATUS,PAYMENT_PAY_DATE,PAYMENT_REFUND_DATE,ORDER_NO) values (15,'user1','01012349876','홍길동','imp_132124361085','oneday1727837124006',100,'oneday','R',to_date('24/10/02','RR/MM/DD'),to_date('24/10/04','RR/MM/DD'),'4');
Insert into ADMIN.TBL_PAYMENT (PAYMENT_NO,USER_ID,PAYMENT_PHONE,PAYMENT_NAME,PAYMENT_IMP_UID,PAYMENT_MERCHANT_UID,PAYMENT_AMOUNT,PAYMENT_CATEGORY,PAYMENT_STATUS,PAYMENT_PAY_DATE,PAYMENT_REFUND_DATE,ORDER_NO) values (45,'user3','01012349876','박영희','imp_609138452490','oneday1728019137735',200,'oneday','P',to_date('24/10/04','RR/MM/DD'),null,'10');
Insert into ADMIN.TBL_PAYMENT (PAYMENT_NO,USER_ID,PAYMENT_PHONE,PAYMENT_NAME,PAYMENT_IMP_UID,PAYMENT_MERCHANT_UID,PAYMENT_AMOUNT,PAYMENT_CATEGORY,PAYMENT_STATUS,PAYMENT_PAY_DATE,PAYMENT_REFUND_DATE,ORDER_NO) values (58,'sejin1','010123456789','세진','imp_252617137772','product1728618617475',100,'product','P',to_date('24/10/11','RR/MM/DD'),null,'33');
Insert into ADMIN.TBL_PAYMENT (PAYMENT_NO,USER_ID,PAYMENT_PHONE,PAYMENT_NAME,PAYMENT_IMP_UID,PAYMENT_MERCHANT_UID,PAYMENT_AMOUNT,PAYMENT_CATEGORY,PAYMENT_STATUS,PAYMENT_PAY_DATE,PAYMENT_REFUND_DATE,ORDER_NO) values (59,'user3','01012345678','박영희','imp_449722639795','product1728629722811',100,'product','P',to_date('24/10/11','RR/MM/DD'),null,'31');
Insert into ADMIN.TBL_PAYMENT (PAYMENT_NO,USER_ID,PAYMENT_PHONE,PAYMENT_NAME,PAYMENT_IMP_UID,PAYMENT_MERCHANT_UID,PAYMENT_AMOUNT,PAYMENT_CATEGORY,PAYMENT_STATUS,PAYMENT_PAY_DATE,PAYMENT_REFUND_DATE,ORDER_NO) values (10,'user1','01012345678','홍길동','imp_370901296696','auction1727785900345',150,'auction','R',to_date('24/10/01','RR/MM/DD'),to_date('24/10/02','RR/MM/DD'),'115');
Insert into ADMIN.TBL_PAYMENT (PAYMENT_NO,USER_ID,PAYMENT_PHONE,PAYMENT_NAME,PAYMENT_IMP_UID,PAYMENT_MERCHANT_UID,PAYMENT_AMOUNT,PAYMENT_CATEGORY,PAYMENT_STATUS,PAYMENT_PAY_DATE,PAYMENT_REFUND_DATE,ORDER_NO) values (36,'user3','01012345678','박영희','imp_827746338046','product1728004745491',100,'product','R',to_date('24/10/04','RR/MM/DD'),to_date('24/10/07','RR/MM/DD'),'57');
Insert into ADMIN.TBL_PAYMENT (PAYMENT_NO,USER_ID,PAYMENT_PHONE,PAYMENT_NAME,PAYMENT_IMP_UID,PAYMENT_MERCHANT_UID,PAYMENT_AMOUNT,PAYMENT_CATEGORY,PAYMENT_STATUS,PAYMENT_PAY_DATE,PAYMENT_REFUND_DATE,ORDER_NO) values (38,'user3','01012345678','박영희','imp_972565455067','product1728005564550',100,'product','R',to_date('24/10/04','RR/MM/DD'),to_date('24/10/07','RR/MM/DD'),'57');
Insert into ADMIN.TBL_PAYMENT (PAYMENT_NO,USER_ID,PAYMENT_PHONE,PAYMENT_NAME,PAYMENT_IMP_UID,PAYMENT_MERCHANT_UID,PAYMENT_AMOUNT,PAYMENT_CATEGORY,PAYMENT_STATUS,PAYMENT_PAY_DATE,PAYMENT_REFUND_DATE,ORDER_NO) values (42,'user1','01012349876','홍길동','imp_040832466783','oneday1728008831484',100,'oneday','R',to_date('24/10/04','RR/MM/DD'),to_date('24/10/04','RR/MM/DD'),'4');
Insert into ADMIN.TBL_PAYMENT (PAYMENT_NO,USER_ID,PAYMENT_PHONE,PAYMENT_NAME,PAYMENT_IMP_UID,PAYMENT_MERCHANT_UID,PAYMENT_AMOUNT,PAYMENT_CATEGORY,PAYMENT_STATUS,PAYMENT_PAY_DATE,PAYMENT_REFUND_DATE,ORDER_NO) values (49,'user1','01087419093','홍길동','imp_617171545874','auction1728263169247',101,'auction','P',to_date('24/10/07','RR/MM/DD'),null,'125');
REM INSERTING into ADMIN.TBL_PRODUCT
SET DEFINE OFF;
Insert into ADMIN.TBL_PRODUCT (PRODUCT_NO,PRODUCT_NAME,PRODUCT_WIDTH,PRODUCT_LENGTH,PRODUCT_HEIGHT,PRODUCT_PRICE,PRODUCT_CNT,PRODUCT_COLOR,PRODUCT_SIZE1,PRODUCT_SIZE2,PRODUCT_SIZE3,PRODUCT_CATE1,PRODUCT_CATE2,PRODUCT_CUSTOM,PRODUCT_DELIVERY,PRODUCT_CDATETIME,PRODUCT_UDATETIME) values (37,'마리메종 이루 라운드원목식탁','1400','800','750','582000',null,'월넛','1400mmX800mmX750mm','1800mmX800mmX750mm',null,'3',null,'Y',null,to_date('24/09/20','RR/MM/DD'),to_date('24/09/20','RR/MM/DD'));
Insert into ADMIN.TBL_PRODUCT (PRODUCT_NO,PRODUCT_NAME,PRODUCT_WIDTH,PRODUCT_LENGTH,PRODUCT_HEIGHT,PRODUCT_PRICE,PRODUCT_CNT,PRODUCT_COLOR,PRODUCT_SIZE1,PRODUCT_SIZE2,PRODUCT_SIZE3,PRODUCT_CATE1,PRODUCT_CATE2,PRODUCT_CUSTOM,PRODUCT_DELIVERY,PRODUCT_CDATETIME,PRODUCT_UDATETIME) values (38,'마리메종 콜린 800 리프트업 거실테이블','800','600','380','115000',null,'화이트','800mmX600mmX380mm',null,null,'1','3','N',null,to_date('24/09/20','RR/MM/DD'),to_date('24/09/20','RR/MM/DD'));
Insert into ADMIN.TBL_PRODUCT (PRODUCT_NO,PRODUCT_NAME,PRODUCT_WIDTH,PRODUCT_LENGTH,PRODUCT_HEIGHT,PRODUCT_PRICE,PRODUCT_CNT,PRODUCT_COLOR,PRODUCT_SIZE1,PRODUCT_SIZE2,PRODUCT_SIZE3,PRODUCT_CATE1,PRODUCT_CATE2,PRODUCT_CUSTOM,PRODUCT_DELIVERY,PRODUCT_CDATETIME,PRODUCT_UDATETIME) values (39,'마리메종 헤로이 템바도어 협탁','600','395','495','115000',null,'월넛그린','600mmX395mmX495mm','1000mmX395mmX760mm','1800mmX395mmX600mm','5','1','N',null,to_date('24/09/20','RR/MM/DD'),to_date('24/09/20','RR/MM/DD'));
Insert into ADMIN.TBL_PRODUCT (PRODUCT_NO,PRODUCT_NAME,PRODUCT_WIDTH,PRODUCT_LENGTH,PRODUCT_HEIGHT,PRODUCT_PRICE,PRODUCT_CNT,PRODUCT_COLOR,PRODUCT_SIZE1,PRODUCT_SIZE2,PRODUCT_SIZE3,PRODUCT_CATE1,PRODUCT_CATE2,PRODUCT_CUSTOM,PRODUCT_DELIVERY,PRODUCT_CDATETIME,PRODUCT_UDATETIME) values (40,'마리메종 화장대 스툴 의자 썸네일','370','370','420','115000',null,'월넛그린','370mmX370mmX420mm',null,null,'4','1','Y',null,to_date('24/09/20','RR/MM/DD'),to_date('24/09/20','RR/MM/DD'));
Insert into ADMIN.TBL_PRODUCT (PRODUCT_NO,PRODUCT_NAME,PRODUCT_WIDTH,PRODUCT_LENGTH,PRODUCT_HEIGHT,PRODUCT_PRICE,PRODUCT_CNT,PRODUCT_COLOR,PRODUCT_SIZE1,PRODUCT_SIZE2,PRODUCT_SIZE3,PRODUCT_CATE1,PRODUCT_CATE2,PRODUCT_CUSTOM,PRODUCT_DELIVERY,PRODUCT_CDATETIME,PRODUCT_UDATETIME) values (41,'엘브 800 3단서랍장+원형거울 화장대','600','500','1200','152000',null,'월넛그린','600mmX500mmX1220mm','800mmX500mmX743mm','800mmX500mmX1220mm','4','1','N',null,to_date('24/09/20','RR/MM/DD'),to_date('24/09/20','RR/MM/DD'));
Insert into ADMIN.TBL_PRODUCT (PRODUCT_NO,PRODUCT_NAME,PRODUCT_WIDTH,PRODUCT_LENGTH,PRODUCT_HEIGHT,PRODUCT_PRICE,PRODUCT_CNT,PRODUCT_COLOR,PRODUCT_SIZE1,PRODUCT_SIZE2,PRODUCT_SIZE3,PRODUCT_CATE1,PRODUCT_CATE2,PRODUCT_CUSTOM,PRODUCT_DELIVERY,PRODUCT_CDATETIME,PRODUCT_UDATETIME) values (42,'헤이모노 헤센 침대일체형 본넬매트리스','970','2000','170','207000',null,'월넛그린','970mmX2000mmX170mm','1100mmX2000mmX200mm','1500mmX2000mmX200mm','4',null,'N',null,to_date('24/09/20','RR/MM/DD'),to_date('24/09/20','RR/MM/DD'));
Insert into ADMIN.TBL_PRODUCT (PRODUCT_NO,PRODUCT_NAME,PRODUCT_WIDTH,PRODUCT_LENGTH,PRODUCT_HEIGHT,PRODUCT_PRICE,PRODUCT_CNT,PRODUCT_COLOR,PRODUCT_SIZE1,PRODUCT_SIZE2,PRODUCT_SIZE3,PRODUCT_CATE1,PRODUCT_CATE2,PRODUCT_CUSTOM,PRODUCT_DELIVERY,PRODUCT_CDATETIME,PRODUCT_UDATETIME) values (53,'라슬라 수납 다용도 테이블','650','295','400','42000',null,'메이플','650mmX295mmX400',null,null,'4','2','Y',null,to_date('24/09/30','RR/MM/DD'),to_date('24/09/30','RR/MM/DD'));
Insert into ADMIN.TBL_PRODUCT (PRODUCT_NO,PRODUCT_NAME,PRODUCT_WIDTH,PRODUCT_LENGTH,PRODUCT_HEIGHT,PRODUCT_PRICE,PRODUCT_CNT,PRODUCT_COLOR,PRODUCT_SIZE1,PRODUCT_SIZE2,PRODUCT_SIZE3,PRODUCT_CATE1,PRODUCT_CATE2,PRODUCT_CUSTOM,PRODUCT_DELIVERY,PRODUCT_CDATETIME,PRODUCT_UDATETIME) values (56,'에이덴 장롱 (마일리지 결제 테스트용)','3124','620','2160','1100',null,'화이트','3124mmX620mmX2160mm','3618mmX620mmX2160mm',null,'4','1','N',null,to_date('24/09/30','RR/MM/DD'),to_date('24/09/30','RR/MM/DD'));
Insert into ADMIN.TBL_PRODUCT (PRODUCT_NO,PRODUCT_NAME,PRODUCT_WIDTH,PRODUCT_LENGTH,PRODUCT_HEIGHT,PRODUCT_PRICE,PRODUCT_CNT,PRODUCT_COLOR,PRODUCT_SIZE1,PRODUCT_SIZE2,PRODUCT_SIZE3,PRODUCT_CATE1,PRODUCT_CATE2,PRODUCT_CUSTOM,PRODUCT_DELIVERY,PRODUCT_CDATETIME,PRODUCT_UDATETIME) values (55,'리클라이닝 침대형 의자 게이밍체어','650','600','1200','139000',null,'초코브라운','650mmX600mmX1200',null,null,'1','4','N',null,to_date('24/09/30','RR/MM/DD'),to_date('24/09/30','RR/MM/DD'));
Insert into ADMIN.TBL_PRODUCT (PRODUCT_NO,PRODUCT_NAME,PRODUCT_WIDTH,PRODUCT_LENGTH,PRODUCT_HEIGHT,PRODUCT_PRICE,PRODUCT_CNT,PRODUCT_COLOR,PRODUCT_SIZE1,PRODUCT_SIZE2,PRODUCT_SIZE3,PRODUCT_CATE1,PRODUCT_CATE2,PRODUCT_CUSTOM,PRODUCT_DELIVERY,PRODUCT_CDATETIME,PRODUCT_UDATETIME) values (57,'우보 원목수납침대 ss프레임(결제 테스트용)','1115','305','2035','100',null,'내추럴','1115mmX305mmX2035mm','1520mmX305mmX2035',null,'4',null,'N',null,to_date('24/09/30','RR/MM/DD'),to_date('24/09/30','RR/MM/DD'));
Insert into ADMIN.TBL_PRODUCT (PRODUCT_NO,PRODUCT_NAME,PRODUCT_WIDTH,PRODUCT_LENGTH,PRODUCT_HEIGHT,PRODUCT_PRICE,PRODUCT_CNT,PRODUCT_COLOR,PRODUCT_SIZE1,PRODUCT_SIZE2,PRODUCT_SIZE3,PRODUCT_CATE1,PRODUCT_CATE2,PRODUCT_CUSTOM,PRODUCT_DELIVERY,PRODUCT_CDATETIME,PRODUCT_UDATETIME) values (58,'칼리체 에코레 이지클린 패브릭 푹신한 3인용소파','1920','980','950','612000',null,'다크그레이','1920mmX980mmX950mm',null,null,'1',null,'N',null,to_date('24/09/30','RR/MM/DD'),to_date('24/09/30','RR/MM/DD'));
Insert into ADMIN.TBL_PRODUCT (PRODUCT_NO,PRODUCT_NAME,PRODUCT_WIDTH,PRODUCT_LENGTH,PRODUCT_HEIGHT,PRODUCT_PRICE,PRODUCT_CNT,PRODUCT_COLOR,PRODUCT_SIZE1,PRODUCT_SIZE2,PRODUCT_SIZE3,PRODUCT_CATE1,PRODUCT_CATE2,PRODUCT_CUSTOM,PRODUCT_DELIVERY,PRODUCT_CDATETIME,PRODUCT_UDATETIME) values (59,'헤이모노 헤센 침대일체형 본넬매트리스','970','2000','200','104000',null,'화이트','970mmX2000mmX200m','1500mmX2000mmX200mm',null,'4',null,'N',null,to_date('24/09/30','RR/MM/DD'),to_date('24/09/30','RR/MM/DD'));
Insert into ADMIN.TBL_PRODUCT (PRODUCT_NO,PRODUCT_NAME,PRODUCT_WIDTH,PRODUCT_LENGTH,PRODUCT_HEIGHT,PRODUCT_PRICE,PRODUCT_CNT,PRODUCT_COLOR,PRODUCT_SIZE1,PRODUCT_SIZE2,PRODUCT_SIZE3,PRODUCT_CATE1,PRODUCT_CATE2,PRODUCT_CUSTOM,PRODUCT_DELIVERY,PRODUCT_CDATETIME,PRODUCT_UDATETIME) values (60,'헤이스 구스 패브릭 소파','1770','980','920','119000',null,'아이보리','1770mmX980mmX920mm','2540mmX980mmX920mm','2770mmX980mmX920mm','1',null,'N',null,to_date('24/09/30','RR/MM/DD'),to_date('24/09/30','RR/MM/DD'));
Insert into ADMIN.TBL_PRODUCT (PRODUCT_NO,PRODUCT_NAME,PRODUCT_WIDTH,PRODUCT_LENGTH,PRODUCT_HEIGHT,PRODUCT_PRICE,PRODUCT_CNT,PRODUCT_COLOR,PRODUCT_SIZE1,PRODUCT_SIZE2,PRODUCT_SIZE3,PRODUCT_CATE1,PRODUCT_CATE2,PRODUCT_CUSTOM,PRODUCT_DELIVERY,PRODUCT_CDATETIME,PRODUCT_UDATETIME) values (54,'로할스 키친주방 냉장고순답 상하부장','800','600','1800','287000',null,'화이트','800mmX600mmX1800mm',null,null,'3',null,'N',null,to_date('24/09/30','RR/MM/DD'),to_date('24/09/30','RR/MM/DD'));
Insert into ADMIN.TBL_PRODUCT (PRODUCT_NO,PRODUCT_NAME,PRODUCT_WIDTH,PRODUCT_LENGTH,PRODUCT_HEIGHT,PRODUCT_PRICE,PRODUCT_CNT,PRODUCT_COLOR,PRODUCT_SIZE1,PRODUCT_SIZE2,PRODUCT_SIZE3,PRODUCT_CATE1,PRODUCT_CATE2,PRODUCT_CUSTOM,PRODUCT_DELIVERY,PRODUCT_CDATETIME,PRODUCT_UDATETIME) values (28,'마리메종 윌레 파티션 오픈형','640','300','1210','95000',null,'화이트','640mmX300mmX1210mm','950mmX300mmX1210mm','950mmX300mmX1565mm','1','5','N',null,to_date('24/09/20','RR/MM/DD'),to_date('24/09/20','RR/MM/DD'));
Insert into ADMIN.TBL_PRODUCT (PRODUCT_NO,PRODUCT_NAME,PRODUCT_WIDTH,PRODUCT_LENGTH,PRODUCT_HEIGHT,PRODUCT_PRICE,PRODUCT_CNT,PRODUCT_COLOR,PRODUCT_SIZE1,PRODUCT_SIZE2,PRODUCT_SIZE3,PRODUCT_CATE1,PRODUCT_CATE2,PRODUCT_CUSTOM,PRODUCT_DELIVERY,PRODUCT_CDATETIME,PRODUCT_UDATETIME) values (32,'마리메종 보드 아쿠아패브릭 3인소파','1960','810','600','266000',null,'베이지','1960mmX810mmX600mm',null,null,'1','4','Y',null,to_date('24/09/20','RR/MM/DD'),to_date('24/09/20','RR/MM/DD'));
Insert into ADMIN.TBL_PRODUCT (PRODUCT_NO,PRODUCT_NAME,PRODUCT_WIDTH,PRODUCT_LENGTH,PRODUCT_HEIGHT,PRODUCT_PRICE,PRODUCT_CNT,PRODUCT_COLOR,PRODUCT_SIZE1,PRODUCT_SIZE2,PRODUCT_SIZE3,PRODUCT_CATE1,PRODUCT_CATE2,PRODUCT_CUSTOM,PRODUCT_DELIVERY,PRODUCT_CDATETIME,PRODUCT_UDATETIME) values (30,'마리메종 윌리 렌지대 밥솥장 2단 낮은 주방수납장','994','400','800','95000',null,'오크베이지','994mmX400mmX800mm',null,null,'3','4','Y',null,to_date('24/09/20','RR/MM/DD'),to_date('24/09/20','RR/MM/DD'));
Insert into ADMIN.TBL_PRODUCT (PRODUCT_NO,PRODUCT_NAME,PRODUCT_WIDTH,PRODUCT_LENGTH,PRODUCT_HEIGHT,PRODUCT_PRICE,PRODUCT_CNT,PRODUCT_COLOR,PRODUCT_SIZE1,PRODUCT_SIZE2,PRODUCT_SIZE3,PRODUCT_CATE1,PRODUCT_CATE2,PRODUCT_CUSTOM,PRODUCT_DELIVERY,PRODUCT_CDATETIME,PRODUCT_UDATETIME) values (31,'마리메종 댄디 LED/USB 수납침대','1140','2180','950','486000',null,'그레이','1140mmX2180mmx950','1580mmX2180mmX950mm',null,'4','1','Y',null,to_date('24/09/20','RR/MM/DD'),to_date('24/09/20','RR/MM/DD'));
Insert into ADMIN.TBL_PRODUCT (PRODUCT_NO,PRODUCT_NAME,PRODUCT_WIDTH,PRODUCT_LENGTH,PRODUCT_HEIGHT,PRODUCT_PRICE,PRODUCT_CNT,PRODUCT_COLOR,PRODUCT_SIZE1,PRODUCT_SIZE2,PRODUCT_SIZE3,PRODUCT_CATE1,PRODUCT_CATE2,PRODUCT_CUSTOM,PRODUCT_DELIVERY,PRODUCT_CDATETIME,PRODUCT_UDATETIME) values (33,'마리메종 에셀 주방수납장 냉장고 틈새장 홈카페장','800','400','1840','213000',null,'화이트','800mmX400mmX1840mm',null,null,'3','5','Y',null,to_date('24/09/20','RR/MM/DD'),to_date('24/09/20','RR/MM/DD'));
Insert into ADMIN.TBL_PRODUCT (PRODUCT_NO,PRODUCT_NAME,PRODUCT_WIDTH,PRODUCT_LENGTH,PRODUCT_HEIGHT,PRODUCT_PRICE,PRODUCT_CNT,PRODUCT_COLOR,PRODUCT_SIZE1,PRODUCT_SIZE2,PRODUCT_SIZE3,PRODUCT_CATE1,PRODUCT_CATE2,PRODUCT_CUSTOM,PRODUCT_DELIVERY,PRODUCT_CDATETIME,PRODUCT_UDATETIME) values (34,'마리메종 에이딩 슬라이딩 다용도 수납장','800','400','800','14200',null,'화이트','800mmX400mmX800mm','800mmX400mmX1595mm',null,'5','1','N',null,to_date('24/09/20','RR/MM/DD'),to_date('24/09/20','RR/MM/DD'));
Insert into ADMIN.TBL_PRODUCT (PRODUCT_NO,PRODUCT_NAME,PRODUCT_WIDTH,PRODUCT_LENGTH,PRODUCT_HEIGHT,PRODUCT_PRICE,PRODUCT_CNT,PRODUCT_COLOR,PRODUCT_SIZE1,PRODUCT_SIZE2,PRODUCT_SIZE3,PRODUCT_CATE1,PRODUCT_CATE2,PRODUCT_CUSTOM,PRODUCT_DELIVERY,PRODUCT_CDATETIME,PRODUCT_UDATETIME) values (35,'마리메종 아레테 가죽 바의자','415','430','800','60000',null,'블랙','415mmX430mmX800mm',null,null,'1','3','Y',null,to_date('24/09/20','RR/MM/DD'),to_date('24/09/20','RR/MM/DD'));
Insert into ADMIN.TBL_PRODUCT (PRODUCT_NO,PRODUCT_NAME,PRODUCT_WIDTH,PRODUCT_LENGTH,PRODUCT_HEIGHT,PRODUCT_PRICE,PRODUCT_CNT,PRODUCT_COLOR,PRODUCT_SIZE1,PRODUCT_SIZE2,PRODUCT_SIZE3,PRODUCT_CATE1,PRODUCT_CATE2,PRODUCT_CUSTOM,PRODUCT_DELIVERY,PRODUCT_CDATETIME,PRODUCT_UDATETIME) values (36,'마리메종 비엘 수납 스틸선반장','415','430','800','148000',null,'화이트','415mmX430mmX800mm','900mmX300mmX746mm','900mmX300mmX1123mm','4','1','Y',null,to_date('24/09/20','RR/MM/DD'),to_date('24/09/20','RR/MM/DD'));
Insert into ADMIN.TBL_PRODUCT (PRODUCT_NO,PRODUCT_NAME,PRODUCT_WIDTH,PRODUCT_LENGTH,PRODUCT_HEIGHT,PRODUCT_PRICE,PRODUCT_CNT,PRODUCT_COLOR,PRODUCT_SIZE1,PRODUCT_SIZE2,PRODUCT_SIZE3,PRODUCT_CATE1,PRODUCT_CATE2,PRODUCT_CUSTOM,PRODUCT_DELIVERY,PRODUCT_CDATETIME,PRODUCT_UDATETIME) values (61,'홀바르 휴지통 수납장 분리수거함','400','400','850','48000',null,'오크화이트','400mmX400mmX850mm',null,null,'3','5','Y',null,to_date('24/09/30','RR/MM/DD'),to_date('24/09/30','RR/MM/DD'));
REM INSERTING into ADMIN.TBL_PRODUCT_CART
SET DEFINE OFF;
Insert into ADMIN.TBL_PRODUCT_CART (CART_NO,PRODUCT_NO,USER_ID,PRODUCT_SIZE,PRODUCT_PRICE,COUNT,CDATETIME,UDATETIME) values (41,31,'user1','1140mmX2180mmx950','486000',1,to_date('24/10/02','RR/MM/DD'),to_date('24/10/02','RR/MM/DD'));
Insert into ADMIN.TBL_PRODUCT_CART (CART_NO,PRODUCT_NO,USER_ID,PRODUCT_SIZE,PRODUCT_PRICE,COUNT,CDATETIME,UDATETIME) values (25,34,'user1','800mmX400mmX800mm','14200',1,to_date('24/10/01','RR/MM/DD'),to_date('24/10/01','RR/MM/DD'));
Insert into ADMIN.TBL_PRODUCT_CART (CART_NO,PRODUCT_NO,USER_ID,PRODUCT_SIZE,PRODUCT_PRICE,COUNT,CDATETIME,UDATETIME) values (62,40,'user3','370mmX370mmX420mm','115000',2,to_date('24/10/04','RR/MM/DD'),to_date('24/10/04','RR/MM/DD'));
Insert into ADMIN.TBL_PRODUCT_CART (CART_NO,PRODUCT_NO,USER_ID,PRODUCT_SIZE,PRODUCT_PRICE,COUNT,CDATETIME,UDATETIME) values (27,55,'user1','650mmX600mmX1200','139000',1,to_date('24/10/01','RR/MM/DD'),to_date('24/10/01','RR/MM/DD'));
Insert into ADMIN.TBL_PRODUCT_CART (CART_NO,PRODUCT_NO,USER_ID,PRODUCT_SIZE,PRODUCT_PRICE,COUNT,CDATETIME,UDATETIME) values (44,28,'user1','640mmX300mmX1210mm','95000',1,to_date('24/10/02','RR/MM/DD'),to_date('24/10/02','RR/MM/DD'));
Insert into ADMIN.TBL_PRODUCT_CART (CART_NO,PRODUCT_NO,USER_ID,PRODUCT_SIZE,PRODUCT_PRICE,COUNT,CDATETIME,UDATETIME) values (23,31,'user2','1580mmX2180mmX950mm','506000',1,to_date('24/09/30','RR/MM/DD'),to_date('24/09/30','RR/MM/DD'));
Insert into ADMIN.TBL_PRODUCT_CART (CART_NO,PRODUCT_NO,USER_ID,PRODUCT_SIZE,PRODUCT_PRICE,COUNT,CDATETIME,UDATETIME) values (81,37,'user1','1400mmX800mmX750mm','582000',1,to_date('24/10/07','RR/MM/DD'),to_date('24/10/07','RR/MM/DD'));
REM INSERTING into ADMIN.TBL_PRODUCT_CATE
SET DEFINE OFF;
Insert into ADMIN.TBL_PRODUCT_CATE (CATE_NO,CATE_NAME) values ('1','거실');
Insert into ADMIN.TBL_PRODUCT_CATE (CATE_NO,CATE_NAME) values ('2','욕실');
Insert into ADMIN.TBL_PRODUCT_CATE (CATE_NO,CATE_NAME) values ('3','주방');
Insert into ADMIN.TBL_PRODUCT_CATE (CATE_NO,CATE_NAME) values ('4','침실');
Insert into ADMIN.TBL_PRODUCT_CATE (CATE_NO,CATE_NAME) values ('5','오피스');
REM INSERTING into ADMIN.TBL_PRODUCT_IMG
SET DEFINE OFF;
Insert into ADMIN.TBL_PRODUCT_IMG (PRODUCT_NO,PRODUCT_THUMBNAIL,PRODUCT_DETAIL1) values ('39','../uploadImages/product/202482010341936.jpg','../uploadImages/product/202482010341937.png');
Insert into ADMIN.TBL_PRODUCT_IMG (PRODUCT_NO,PRODUCT_THUMBNAIL,PRODUCT_DETAIL1) values ('37','../uploadImages/product/2024820103210652.jpg','../uploadImages/product/2024820103210652.png');
Insert into ADMIN.TBL_PRODUCT_IMG (PRODUCT_NO,PRODUCT_THUMBNAIL,PRODUCT_DETAIL1) values ('38','../uploadImages/product/2024820103314857.jpg','../uploadImages/product/2024820103314858.png');
Insert into ADMIN.TBL_PRODUCT_IMG (PRODUCT_NO,PRODUCT_THUMBNAIL,PRODUCT_DETAIL1) values ('40','../uploadImages/product/202482010359186.jpg','../uploadImages/product/202482010359187.png');
Insert into ADMIN.TBL_PRODUCT_IMG (PRODUCT_NO,PRODUCT_THUMBNAIL,PRODUCT_DETAIL1) values ('41','../uploadImages/product/2024820103618995.jpg','../uploadImages/product/2024820103618998.png');
Insert into ADMIN.TBL_PRODUCT_IMG (PRODUCT_NO,PRODUCT_THUMBNAIL,PRODUCT_DETAIL1) values ('42','../uploadImages/product/2024820103715987.jpg','../uploadImages/product/2024820103715988.png');
Insert into ADMIN.TBL_PRODUCT_IMG (PRODUCT_NO,PRODUCT_THUMBNAIL,PRODUCT_DETAIL1) values ('54','../uploadImages/product/202483043116989.jpg','../uploadImages/product/202483043116990.jpg');
Insert into ADMIN.TBL_PRODUCT_IMG (PRODUCT_NO,PRODUCT_THUMBNAIL,PRODUCT_DETAIL1) values ('55','../uploadImages/product/리클라이닝 침대형 의자 게이밍체어썸네일.jpg','../uploadImages/product/202483043431583.jpg');
Insert into ADMIN.TBL_PRODUCT_IMG (PRODUCT_NO,PRODUCT_THUMBNAIL,PRODUCT_DETAIL1) values ('57','../uploadImages/product/202483043945351.jpg','../uploadImages/product/202483043945354.png');
Insert into ADMIN.TBL_PRODUCT_IMG (PRODUCT_NO,PRODUCT_THUMBNAIL,PRODUCT_DETAIL1) values ('58','../uploadImages/product/20248304411962.jpg','../uploadImages/product/20248304411963.jpg');
Insert into ADMIN.TBL_PRODUCT_IMG (PRODUCT_NO,PRODUCT_THUMBNAIL,PRODUCT_DETAIL1) values ('61','../uploadImages/product/20248304486581.jpg','../uploadImages/product/20248304486582.jpg');
Insert into ADMIN.TBL_PRODUCT_IMG (PRODUCT_NO,PRODUCT_THUMBNAIL,PRODUCT_DETAIL1) values ('56','../uploadImages/product/2024830437747.jpg','../uploadImages/product/2024830437748.jpg');
Insert into ADMIN.TBL_PRODUCT_IMG (PRODUCT_NO,PRODUCT_THUMBNAIL,PRODUCT_DETAIL1) values ('60','../uploadImages/product/헤이스 구스 패브릭 소파썸네일.jpg','../uploadImages/product/202483044611595.jpg');
Insert into ADMIN.TBL_PRODUCT_IMG (PRODUCT_NO,PRODUCT_THUMBNAIL,PRODUCT_DETAIL1) values ('53','../uploadImages/product/20248304272735.jpg','../uploadImages/product/202483042957521.jpg');
Insert into ADMIN.TBL_PRODUCT_IMG (PRODUCT_NO,PRODUCT_THUMBNAIL,PRODUCT_DETAIL1) values ('28','../uploadImages/product/202482095139545.jpg','../uploadImages/product/202482095139546.png');
Insert into ADMIN.TBL_PRODUCT_IMG (PRODUCT_NO,PRODUCT_THUMBNAIL,PRODUCT_DETAIL1) values ('32','../uploadImages/product/2024820101039407.jpg','../uploadImages/product/2024820101039407.png');
Insert into ADMIN.TBL_PRODUCT_IMG (PRODUCT_NO,PRODUCT_THUMBNAIL,PRODUCT_DETAIL1) values ('30','../uploadImages/product/202482010343696.jpg','../uploadImages/product/202482010343698.png');
Insert into ADMIN.TBL_PRODUCT_IMG (PRODUCT_NO,PRODUCT_THUMBNAIL,PRODUCT_DETAIL1) values ('31','../uploadImages/product/202482010938818.jpg','../uploadImages/product/202482010938818.png');
Insert into ADMIN.TBL_PRODUCT_IMG (PRODUCT_NO,PRODUCT_THUMBNAIL,PRODUCT_DETAIL1) values ('33','../uploadImages/product/2024820101210751.jpg','../uploadImages/product/2024820101210751.png');
Insert into ADMIN.TBL_PRODUCT_IMG (PRODUCT_NO,PRODUCT_THUMBNAIL,PRODUCT_DETAIL1) values ('34','../uploadImages/product/2024820101324701.jpg','../uploadImages/product/2024820101324702.png');
Insert into ADMIN.TBL_PRODUCT_IMG (PRODUCT_NO,PRODUCT_THUMBNAIL,PRODUCT_DETAIL1) values ('35','../uploadImages/product/2024820101435204.jpg','../uploadImages/product/2024820101435204.png');
Insert into ADMIN.TBL_PRODUCT_IMG (PRODUCT_NO,PRODUCT_THUMBNAIL,PRODUCT_DETAIL1) values ('36','../uploadImages/product/2024820101617819.jpg','../uploadImages/product/2024820101617820.png');
Insert into ADMIN.TBL_PRODUCT_IMG (PRODUCT_NO,PRODUCT_THUMBNAIL,PRODUCT_DETAIL1) values ('59','../uploadImages/product/202483044324998.jpg','../uploadImages/product/202483044324998.png');
REM INSERTING into ADMIN.TBL_PRODUCT_ORDER
SET DEFINE OFF;
Insert into ADMIN.TBL_PRODUCT_ORDER (PAY_NO,ORDER_ID,PRODUCT_NO,USER_ID,ORDER_SIZE,ORDER_COUNT,PRODUCT_PRICE,ORDER_DATE,ORDER_CATE,DELIVERY_CATE) values (1,'order1726803942682','39','user1','600mmX395mmX495mm',1,'115000',to_date('24/09/20','RR/MM/DD'),'상품',3);
Insert into ADMIN.TBL_PRODUCT_ORDER (PAY_NO,ORDER_ID,PRODUCT_NO,USER_ID,ORDER_SIZE,ORDER_COUNT,PRODUCT_PRICE,ORDER_DATE,ORDER_CATE,DELIVERY_CATE) values (2,'order1726803942682','39','user1','1800mmX395mmX600mm',1,'155000',to_date('24/09/20','RR/MM/DD'),'상품',3);
Insert into ADMIN.TBL_PRODUCT_ORDER (PAY_NO,ORDER_ID,PRODUCT_NO,USER_ID,ORDER_SIZE,ORDER_COUNT,PRODUCT_PRICE,ORDER_DATE,ORDER_CATE,DELIVERY_CATE) values (3,'order1726803942682','31','user1','1000mmX395mmX760mm',3,'135000',to_date('24/09/20','RR/MM/DD'),'상품',3);
Insert into ADMIN.TBL_PRODUCT_ORDER (PAY_NO,ORDER_ID,PRODUCT_NO,USER_ID,ORDER_SIZE,ORDER_COUNT,PRODUCT_PRICE,ORDER_DATE,ORDER_CATE,DELIVERY_CATE) values (7,'product1727165672565','28','user1','640mmX300mmX1210mm',1,'95000',to_date('24/09/24','RR/MM/DD'),'상품',0);
Insert into ADMIN.TBL_PRODUCT_ORDER (PAY_NO,ORDER_ID,PRODUCT_NO,USER_ID,ORDER_SIZE,ORDER_COUNT,PRODUCT_PRICE,ORDER_DATE,ORDER_CATE,DELIVERY_CATE) values (15,'product1727337381949','37','user1','1800mmX800mmX750mm',1,'602000',to_date('24/09/26','RR/MM/DD'),'상품',3);
Insert into ADMIN.TBL_PRODUCT_ORDER (PAY_NO,ORDER_ID,PRODUCT_NO,USER_ID,ORDER_SIZE,ORDER_COUNT,PRODUCT_PRICE,ORDER_DATE,ORDER_CATE,DELIVERY_CATE) values (16,'product1727337457421','33','user1','800mmX400mmX1840mm',1,'213000',to_date('24/09/26','RR/MM/DD'),'상품',1);
Insert into ADMIN.TBL_PRODUCT_ORDER (PAY_NO,ORDER_ID,PRODUCT_NO,USER_ID,ORDER_SIZE,ORDER_COUNT,PRODUCT_PRICE,ORDER_DATE,ORDER_CATE,DELIVERY_CATE) values (37,'product1728266818843','57','user1','1115mmX305mmX2035mm',1,'100',to_date('24/10/07','RR/MM/DD'),'상품',0);
Insert into ADMIN.TBL_PRODUCT_ORDER (PAY_NO,ORDER_ID,PRODUCT_NO,USER_ID,ORDER_SIZE,ORDER_COUNT,PRODUCT_PRICE,ORDER_DATE,ORDER_CATE,DELIVERY_CATE) values (38,'product1728269640663','57','user1','1115mmX305mmX2035mm',1,'100',to_date('24/10/07','RR/MM/DD'),'상품',0);
Insert into ADMIN.TBL_PRODUCT_ORDER (PAY_NO,ORDER_ID,PRODUCT_NO,USER_ID,ORDER_SIZE,ORDER_COUNT,PRODUCT_PRICE,ORDER_DATE,ORDER_CATE,DELIVERY_CATE) values (34,'product1728009114051','38','user1','800mmX600mmX380mm',1,'115000',to_date('24/10/04','RR/MM/DD'),'상품',0);
Insert into ADMIN.TBL_PRODUCT_ORDER (PAY_NO,ORDER_ID,PRODUCT_NO,USER_ID,ORDER_SIZE,ORDER_COUNT,PRODUCT_PRICE,ORDER_DATE,ORDER_CATE,DELIVERY_CATE) values (39,'product1728269679408','36','user1','415mmX430mmX800mm',1,'148000',to_date('24/10/07','RR/MM/DD'),'상품',0);
Insert into ADMIN.TBL_PRODUCT_ORDER (PAY_NO,ORDER_ID,PRODUCT_NO,USER_ID,ORDER_SIZE,ORDER_COUNT,PRODUCT_PRICE,ORDER_DATE,ORDER_CATE,DELIVERY_CATE) values (42,'product1728270260023','40','user1','370mmX370mmX420mm',1,'115000',to_date('24/10/07','RR/MM/DD'),'상품',0);
Insert into ADMIN.TBL_PRODUCT_ORDER (PAY_NO,ORDER_ID,PRODUCT_NO,USER_ID,ORDER_SIZE,ORDER_COUNT,PRODUCT_PRICE,ORDER_DATE,ORDER_CATE,DELIVERY_CATE) values (33,'product1728008089862','40','user3','370mmX370mmX420mm',1,'115000',to_date('24/10/04','RR/MM/DD'),'상품',0);
Insert into ADMIN.TBL_PRODUCT_ORDER (PAY_NO,ORDER_ID,PRODUCT_NO,USER_ID,ORDER_SIZE,ORDER_COUNT,PRODUCT_PRICE,ORDER_DATE,ORDER_CATE,DELIVERY_CATE) values (14,'product1727337214598','37','user1','1800mmX800mmX750mm',1,'602000',to_date('24/09/26','RR/MM/DD'),'상품',1);
Insert into ADMIN.TBL_PRODUCT_ORDER (PAY_NO,ORDER_ID,PRODUCT_NO,USER_ID,ORDER_SIZE,ORDER_COUNT,PRODUCT_PRICE,ORDER_DATE,ORDER_CATE,DELIVERY_CATE) values (4,'order1727161660201','28','user1','640mmX300mmX1210mm',1,'95000',to_date('24/09/24','RR/MM/DD'),'상품',0);
Insert into ADMIN.TBL_PRODUCT_ORDER (PAY_NO,ORDER_ID,PRODUCT_NO,USER_ID,ORDER_SIZE,ORDER_COUNT,PRODUCT_PRICE,ORDER_DATE,ORDER_CATE,DELIVERY_CATE) values (8,'product1727166220349','28','user1','640mmX300mmX1210mm',1,'95000',to_date('24/09/24','RR/MM/DD'),'상품',1);
Insert into ADMIN.TBL_PRODUCT_ORDER (PAY_NO,ORDER_ID,PRODUCT_NO,USER_ID,ORDER_SIZE,ORDER_COUNT,PRODUCT_PRICE,ORDER_DATE,ORDER_CATE,DELIVERY_CATE) values (29,'product1728003469496','57','user3','1115mmX305mmX2035mm',1,'100',to_date('24/10/04','RR/MM/DD'),'상품',0);
Insert into ADMIN.TBL_PRODUCT_ORDER (PAY_NO,ORDER_ID,PRODUCT_NO,USER_ID,ORDER_SIZE,ORDER_COUNT,PRODUCT_PRICE,ORDER_DATE,ORDER_CATE,DELIVERY_CATE) values (31,'product1728005679734','57','user3','1115mmX305mmX2035mm',1,'100',to_date('24/10/04','RR/MM/DD'),'상품',0);
Insert into ADMIN.TBL_PRODUCT_ORDER (PAY_NO,ORDER_ID,PRODUCT_NO,USER_ID,ORDER_SIZE,ORDER_COUNT,PRODUCT_PRICE,ORDER_DATE,ORDER_CATE,DELIVERY_CATE) values (32,'product1728006170158','56','user3','3124mmX620mmX2160mm',1,'1100',to_date('24/10/04','RR/MM/DD'),'상품',2);
Insert into ADMIN.TBL_PRODUCT_ORDER (PAY_NO,ORDER_ID,PRODUCT_NO,USER_ID,ORDER_SIZE,ORDER_COUNT,PRODUCT_PRICE,ORDER_DATE,ORDER_CATE,DELIVERY_CATE) values (35,'auction1728019868866','124','user1',null,1,'110',to_date('24/10/04','RR/MM/DD'),'경매',0);
Insert into ADMIN.TBL_PRODUCT_ORDER (PAY_NO,ORDER_ID,PRODUCT_NO,USER_ID,ORDER_SIZE,ORDER_COUNT,PRODUCT_PRICE,ORDER_DATE,ORDER_CATE,DELIVERY_CATE) values (41,'product1728270205983','28','user1','640mmX300mmX1210mm',1,'95000',to_date('24/10/07','RR/MM/DD'),'상품',0);
Insert into ADMIN.TBL_PRODUCT_ORDER (PAY_NO,ORDER_ID,PRODUCT_NO,USER_ID,ORDER_SIZE,ORDER_COUNT,PRODUCT_PRICE,ORDER_DATE,ORDER_CATE,DELIVERY_CATE) values (43,'product1728270307175','40','user1','370mmX370mmX420mm',2,'115000',to_date('24/10/07','RR/MM/DD'),'상품',0);
Insert into ADMIN.TBL_PRODUCT_ORDER (PAY_NO,ORDER_ID,PRODUCT_NO,USER_ID,ORDER_SIZE,ORDER_COUNT,PRODUCT_PRICE,ORDER_DATE,ORDER_CATE,DELIVERY_CATE) values (9,'product1727332747265','28','user1','640mmX300mmX1210mm',1,'95000',to_date('24/09/26','RR/MM/DD'),'상품',2);
Insert into ADMIN.TBL_PRODUCT_ORDER (PAY_NO,ORDER_ID,PRODUCT_NO,USER_ID,ORDER_SIZE,ORDER_COUNT,PRODUCT_PRICE,ORDER_DATE,ORDER_CATE,DELIVERY_CATE) values (10,'product1727333725234','28','user1','950mmX300mmX1565mm',1,'135000',to_date('24/09/26','RR/MM/DD'),'상품',0);
Insert into ADMIN.TBL_PRODUCT_ORDER (PAY_NO,ORDER_ID,PRODUCT_NO,USER_ID,ORDER_SIZE,ORDER_COUNT,PRODUCT_PRICE,ORDER_DATE,ORDER_CATE,DELIVERY_CATE) values (11,'product1727333997216','28','user1','950mmX300mmX1565mm',1,'135000',to_date('24/09/26','RR/MM/DD'),'상품',0);
Insert into ADMIN.TBL_PRODUCT_ORDER (PAY_NO,ORDER_ID,PRODUCT_NO,USER_ID,ORDER_SIZE,ORDER_COUNT,PRODUCT_PRICE,ORDER_DATE,ORDER_CATE,DELIVERY_CATE) values (12,'product1727334043128','28','user1','950mmX300mmX1565mm',1,'135000',to_date('24/09/26','RR/MM/DD'),'상품',0);
Insert into ADMIN.TBL_PRODUCT_ORDER (PAY_NO,ORDER_ID,PRODUCT_NO,USER_ID,ORDER_SIZE,ORDER_COUNT,PRODUCT_PRICE,ORDER_DATE,ORDER_CATE,DELIVERY_CATE) values (44,'product1728618617475','33','sejin1','800mmX400mmX1840mm',1,'213000',to_date('24/10/11','RR/MM/DD'),'상품',0);
Insert into ADMIN.TBL_PRODUCT_ORDER (PAY_NO,ORDER_ID,PRODUCT_NO,USER_ID,ORDER_SIZE,ORDER_COUNT,PRODUCT_PRICE,ORDER_DATE,ORDER_CATE,DELIVERY_CATE) values (45,'product1728629722811','31','user3','1140mmX2180mmx950',1,'486000',to_date('24/10/11','RR/MM/DD'),'상품',0);
Insert into ADMIN.TBL_PRODUCT_ORDER (PAY_NO,ORDER_ID,PRODUCT_NO,USER_ID,ORDER_SIZE,ORDER_COUNT,PRODUCT_PRICE,ORDER_DATE,ORDER_CATE,DELIVERY_CATE) values (13,'product1727336948006','39','user1','1000mmX395mmX760mm',1,'135000',to_date('24/09/26','RR/MM/DD'),'상품',1);
Insert into ADMIN.TBL_PRODUCT_ORDER (PAY_NO,ORDER_ID,PRODUCT_NO,USER_ID,ORDER_SIZE,ORDER_COUNT,PRODUCT_PRICE,ORDER_DATE,ORDER_CATE,DELIVERY_CATE) values (17,'auction1727785900345','115','user1',null,1,'150',to_date('24/10/01','RR/MM/DD'),'경매',3);
Insert into ADMIN.TBL_PRODUCT_ORDER (PAY_NO,ORDER_ID,PRODUCT_NO,USER_ID,ORDER_SIZE,ORDER_COUNT,PRODUCT_PRICE,ORDER_DATE,ORDER_CATE,DELIVERY_CATE) values (18,'product1727838801730','55','user1',null,1,'100',to_date('24/10/02','RR/MM/DD'),'상품',2);
Insert into ADMIN.TBL_PRODUCT_ORDER (PAY_NO,ORDER_ID,PRODUCT_NO,USER_ID,ORDER_SIZE,ORDER_COUNT,PRODUCT_PRICE,ORDER_DATE,ORDER_CATE,DELIVERY_CATE) values (24,'product1727868145633','28','user1','640mmX300mmX1210mm',2,'95000',to_date('24/10/02','RR/MM/DD'),'상품',0);
Insert into ADMIN.TBL_PRODUCT_ORDER (PAY_NO,ORDER_ID,PRODUCT_NO,USER_ID,ORDER_SIZE,ORDER_COUNT,PRODUCT_PRICE,ORDER_DATE,ORDER_CATE,DELIVERY_CATE) values (25,'product1727868145633','28','user1','950mmX300mmX1210mm',1,'115000',to_date('24/10/02','RR/MM/DD'),'상품',0);
Insert into ADMIN.TBL_PRODUCT_ORDER (PAY_NO,ORDER_ID,PRODUCT_NO,USER_ID,ORDER_SIZE,ORDER_COUNT,PRODUCT_PRICE,ORDER_DATE,ORDER_CATE,DELIVERY_CATE) values (26,'product1727868342529','36','user1','415mmX430mmX800mm',1,'148000',to_date('24/10/02','RR/MM/DD'),'상품',0);
Insert into ADMIN.TBL_PRODUCT_ORDER (PAY_NO,ORDER_ID,PRODUCT_NO,USER_ID,ORDER_SIZE,ORDER_COUNT,PRODUCT_PRICE,ORDER_DATE,ORDER_CATE,DELIVERY_CATE) values (27,'product1727868342529','36','user1','900mmX300mmX746mm',1,'168000',to_date('24/10/02','RR/MM/DD'),'상품',0);
Insert into ADMIN.TBL_PRODUCT_ORDER (PAY_NO,ORDER_ID,PRODUCT_NO,USER_ID,ORDER_SIZE,ORDER_COUNT,PRODUCT_PRICE,ORDER_DATE,ORDER_CATE,DELIVERY_CATE) values (28,'product1727868342529','36','user1','900mmX300mmX1123mm',1,'188000',to_date('24/10/02','RR/MM/DD'),'상품',0);
Insert into ADMIN.TBL_PRODUCT_ORDER (PAY_NO,ORDER_ID,PRODUCT_NO,USER_ID,ORDER_SIZE,ORDER_COUNT,PRODUCT_PRICE,ORDER_DATE,ORDER_CATE,DELIVERY_CATE) values (30,'product1728004745491','57','user3','1115mmX305mmX2035mm',1,'100',to_date('24/10/04','RR/MM/DD'),'상품',0);
Insert into ADMIN.TBL_PRODUCT_ORDER (PAY_NO,ORDER_ID,PRODUCT_NO,USER_ID,ORDER_SIZE,ORDER_COUNT,PRODUCT_PRICE,ORDER_DATE,ORDER_CATE,DELIVERY_CATE) values (36,'auction1728263169247','125','user1',null,1,'101',to_date('24/10/07','RR/MM/DD'),'경매',0);
REM INSERTING into ADMIN.TBL_PRODUCT_REVIEW
SET DEFINE OFF;
Insert into ADMIN.TBL_PRODUCT_REVIEW (REVIEW_NO,REVIEW_TITLE,REVIEW_CONTENTS,USER_ID,PRODUCT_NO,REVIEW_CDATETIME,REVIEW_UDATETIME,REVIEW_LIKE,REVIEW_RATING,REVIEW_IMG_NAME,REVIEW_IMG_PATH) values (34,'별로에요','테스트','user1',28,to_date('24/09/24','RR/MM/DD'),to_date('24/10/02','RR/MM/DD'),0,5,'202482555448575.jpg','../uploadImages/productReview/202482555448575.jpg');
Insert into ADMIN.TBL_PRODUCT_REVIEW (REVIEW_NO,REVIEW_TITLE,REVIEW_CONTENTS,USER_ID,PRODUCT_NO,REVIEW_CDATETIME,REVIEW_UDATETIME,REVIEW_LIKE,REVIEW_RATING,REVIEW_IMG_NAME,REVIEW_IMG_PATH) values (47,'별로에요','리뷰 사진','user1',28,to_date('24/09/25','RR/MM/DD'),to_date('24/09/25','RR/MM/DD'),0,1,null,null);
Insert into ADMIN.TBL_PRODUCT_REVIEW (REVIEW_NO,REVIEW_TITLE,REVIEW_CONTENTS,USER_ID,PRODUCT_NO,REVIEW_CDATETIME,REVIEW_UDATETIME,REVIEW_LIKE,REVIEW_RATING,REVIEW_IMG_NAME,REVIEW_IMG_PATH) values (48,'아주좋아요','짱','user1',28,to_date('24/09/25','RR/MM/DD'),to_date('24/09/25','RR/MM/DD'),0,5,'202482522357769.jpg','../uploadImages/productReview/202482522357769.jpg');
Insert into ADMIN.TBL_PRODUCT_REVIEW (REVIEW_NO,REVIEW_TITLE,REVIEW_CONTENTS,USER_ID,PRODUCT_NO,REVIEW_CDATETIME,REVIEW_UDATETIME,REVIEW_LIKE,REVIEW_RATING,REVIEW_IMG_NAME,REVIEW_IMG_PATH) values (37,'사진첨부 테스트','사진첨부 테스트','user1',28,to_date('24/09/24','RR/MM/DD'),to_date('24/09/24','RR/MM/DD'),0,5,'202482403520923.jpg','../uploadImages/productReview/202482403520923.jpg');
Insert into ADMIN.TBL_PRODUCT_REVIEW (REVIEW_NO,REVIEW_TITLE,REVIEW_CONTENTS,USER_ID,PRODUCT_NO,REVIEW_CDATETIME,REVIEW_UDATETIME,REVIEW_LIKE,REVIEW_RATING,REVIEW_IMG_NAME,REVIEW_IMG_PATH) values (49,'아주좋아요','모달 이래요.','user1',28,to_date('24/09/25','RR/MM/DD'),to_date('24/09/25','RR/MM/DD'),0,5,'2024825474889.jpg','../uploadImages/productReview/2024825474889.jpg');
Insert into ADMIN.TBL_PRODUCT_REVIEW (REVIEW_NO,REVIEW_TITLE,REVIEW_CONTENTS,USER_ID,PRODUCT_NO,REVIEW_CDATETIME,REVIEW_UDATETIME,REVIEW_LIKE,REVIEW_RATING,REVIEW_IMG_NAME,REVIEW_IMG_PATH) values (67,'별로에요','구매했는데 좋아요','user3',57,to_date('24/10/04','RR/MM/DD'),to_date('24/10/04','RR/MM/DD'),0,5,null,null);
Insert into ADMIN.TBL_PRODUCT_REVIEW (REVIEW_NO,REVIEW_TITLE,REVIEW_CONTENTS,USER_ID,PRODUCT_NO,REVIEW_CDATETIME,REVIEW_UDATETIME,REVIEW_LIKE,REVIEW_RATING,REVIEW_IMG_NAME,REVIEW_IMG_PATH) values (69,'좋아요','좋아요 ㅎㅎ','sejin1',33,to_date('24/10/11','RR/MM/DD'),to_date('24/10/11','RR/MM/DD'),0,3,'20249111132435.jpg','../uploadImages/productReview/20249111132435.jpg');
Insert into ADMIN.TBL_PRODUCT_REVIEW (REVIEW_NO,REVIEW_TITLE,REVIEW_CONTENTS,USER_ID,PRODUCT_NO,REVIEW_CDATETIME,REVIEW_UDATETIME,REVIEW_LIKE,REVIEW_RATING,REVIEW_IMG_NAME,REVIEW_IMG_PATH) values (31,'아주좋아요','사진수정해보기','user1',28,to_date('24/09/24','RR/MM/DD'),to_date('24/10/01','RR/MM/DD'),0,5,'202482555351976.jpg','../uploadImages/productReview/202482555351976.jpg');
Insert into ADMIN.TBL_PRODUCT_REVIEW (REVIEW_NO,REVIEW_TITLE,REVIEW_CONTENTS,USER_ID,PRODUCT_NO,REVIEW_CDATETIME,REVIEW_UDATETIME,REVIEW_LIKE,REVIEW_RATING,REVIEW_IMG_NAME,REVIEW_IMG_PATH) values (1,'그저그래요','그저..','user1',38,to_date('24/09/20','RR/MM/DD'),to_date('24/09/25','RR/MM/DD'),0,2,null,null);
Insert into ADMIN.TBL_PRODUCT_REVIEW (REVIEW_NO,REVIEW_TITLE,REVIEW_CONTENTS,USER_ID,PRODUCT_NO,REVIEW_CDATETIME,REVIEW_UDATETIME,REVIEW_LIKE,REVIEW_RATING,REVIEW_IMG_NAME,REVIEW_IMG_PATH) values (10,'리뷰 제목22','리뷰 내용222','user1',38,to_date('24/09/20','RR/MM/DD'),to_date('24/09/20','RR/MM/DD'),0,4,null,null);
Insert into ADMIN.TBL_PRODUCT_REVIEW (REVIEW_NO,REVIEW_TITLE,REVIEW_CONTENTS,USER_ID,PRODUCT_NO,REVIEW_CDATETIME,REVIEW_UDATETIME,REVIEW_LIKE,REVIEW_RATING,REVIEW_IMG_NAME,REVIEW_IMG_PATH) values (11,'아주좋아요','수정함','user1',37,to_date('24/09/20','RR/MM/DD'),to_date('24/09/30','RR/MM/DD'),0,5,null,null);
Insert into ADMIN.TBL_PRODUCT_REVIEW (REVIEW_NO,REVIEW_TITLE,REVIEW_CONTENTS,USER_ID,PRODUCT_NO,REVIEW_CDATETIME,REVIEW_UDATETIME,REVIEW_LIKE,REVIEW_RATING,REVIEW_IMG_NAME,REVIEW_IMG_PATH) values (50,'별로에요','모달 작성 테스트','user1',28,to_date('24/09/25','RR/MM/DD'),to_date('24/09/25','RR/MM/DD'),0,1,'202482555043530.jpg','../uploadImages/productReview/202482555043530.jpg');
Insert into ADMIN.TBL_PRODUCT_REVIEW (REVIEW_NO,REVIEW_TITLE,REVIEW_CONTENTS,USER_ID,PRODUCT_NO,REVIEW_CDATETIME,REVIEW_UDATETIME,REVIEW_LIKE,REVIEW_RATING,REVIEW_IMG_NAME,REVIEW_IMG_PATH) values (42,'평점 평균좀 보자','보자','user1',38,to_date('24/09/24','RR/MM/DD'),to_date('24/09/24','RR/MM/DD'),0,1,'20248245344147.jpg','../uploadImages/productReview/20248245344147.jpg');
Insert into ADMIN.TBL_PRODUCT_REVIEW (REVIEW_NO,REVIEW_TITLE,REVIEW_CONTENTS,USER_ID,PRODUCT_NO,REVIEW_CDATETIME,REVIEW_UDATETIME,REVIEW_LIKE,REVIEW_RATING,REVIEW_IMG_NAME,REVIEW_IMG_PATH) values (45,'아주좋아요','아주 좋네요 !','user1',28,to_date('24/09/25','RR/MM/DD'),to_date('24/09/25','RR/MM/DD'),0,5,'2024825102820964.jpg','../uploadImages/productReview/2024825102820964.jpg');
Insert into ADMIN.TBL_PRODUCT_REVIEW (REVIEW_NO,REVIEW_TITLE,REVIEW_CONTENTS,USER_ID,PRODUCT_NO,REVIEW_CDATETIME,REVIEW_UDATETIME,REVIEW_LIKE,REVIEW_RATING,REVIEW_IMG_NAME,REVIEW_IMG_PATH) values (60,'별로에요','좋네여','user1',28,to_date('24/10/02','RR/MM/DD'),to_date('24/10/02','RR/MM/DD'),0,5,null,null);
Insert into ADMIN.TBL_PRODUCT_REVIEW (REVIEW_NO,REVIEW_TITLE,REVIEW_CONTENTS,USER_ID,PRODUCT_NO,REVIEW_CDATETIME,REVIEW_UDATETIME,REVIEW_LIKE,REVIEW_RATING,REVIEW_IMG_NAME,REVIEW_IMG_PATH) values (66,'별로에요','수납 공간도 많고 실용적이에요','user1',31,to_date('24/10/02','RR/MM/DD'),to_date('24/10/02','RR/MM/DD'),0,5,'20249223231620.jpg','../uploadImages/productReview/20249223231620.jpg');
Insert into ADMIN.TBL_PRODUCT_REVIEW (REVIEW_NO,REVIEW_TITLE,REVIEW_CONTENTS,USER_ID,PRODUCT_NO,REVIEW_CDATETIME,REVIEW_UDATETIME,REVIEW_LIKE,REVIEW_RATING,REVIEW_IMG_NAME,REVIEW_IMG_PATH) values (46,'좋아요','좋은데요 !','user1',28,to_date('24/09/25','RR/MM/DD'),to_date('24/09/25','RR/MM/DD'),0,3,'20248251031044.jpg','../uploadImages/productReview/20248251031044.jpg');
Insert into ADMIN.TBL_PRODUCT_REVIEW (REVIEW_NO,REVIEW_TITLE,REVIEW_CONTENTS,USER_ID,PRODUCT_NO,REVIEW_CDATETIME,REVIEW_UDATETIME,REVIEW_LIKE,REVIEW_RATING,REVIEW_IMG_NAME,REVIEW_IMG_PATH) values (52,'아주좋아요','사진없음','user1',28,to_date('24/09/25','RR/MM/DD'),to_date('24/09/25','RR/MM/DD'),0,5,null,null);
Insert into ADMIN.TBL_PRODUCT_REVIEW (REVIEW_NO,REVIEW_TITLE,REVIEW_CONTENTS,USER_ID,PRODUCT_NO,REVIEW_CDATETIME,REVIEW_UDATETIME,REVIEW_LIKE,REVIEW_RATING,REVIEW_IMG_NAME,REVIEW_IMG_PATH) values (53,'맘에들어요','오 아주 맘에들어요~!','user1',39,to_date('24/09/27','RR/MM/DD'),to_date('24/09/27','RR/MM/DD'),0,4,null,null);
Insert into ADMIN.TBL_PRODUCT_REVIEW (REVIEW_NO,REVIEW_TITLE,REVIEW_CONTENTS,USER_ID,PRODUCT_NO,REVIEW_CDATETIME,REVIEW_UDATETIME,REVIEW_LIKE,REVIEW_RATING,REVIEW_IMG_NAME,REVIEW_IMG_PATH) values (61,'그저그래요','맘에들어요','user1',28,to_date('24/10/02','RR/MM/DD'),to_date('24/10/02','RR/MM/DD'),0,4,null,null);
REM INSERTING into ADMIN.TBL_QNA
SET DEFINE OFF;
Insert into ADMIN.TBL_QNA (QNA_NO,USER_ID,QNA_TITLE,QNA_CONTENTS,QNA_CATEGORY,QNA_COUNT,CDATETIME,UDATETIME,QNA_FILE_PATH) values (75,'user1','가구 조립은 혼자서도 가능한가요?','가구 조립은 혼자서도 가능한가요?',1,0,to_date('24/10/07','RR/MM/DD'),to_date('24/10/07','RR/MM/DD'),'../uploadImages/qna/20249735138161.jpg');
Insert into ADMIN.TBL_QNA (QNA_NO,USER_ID,QNA_TITLE,QNA_CONTENTS,QNA_CATEGORY,QNA_COUNT,CDATETIME,UDATETIME,QNA_FILE_PATH) values (79,'sejin1','배송이 안와요','일년동안',1,0,to_date('24/10/11','RR/MM/DD'),to_date('24/10/11','RR/MM/DD'),null);
Insert into ADMIN.TBL_QNA (QNA_NO,USER_ID,QNA_TITLE,QNA_CONTENTS,QNA_CATEGORY,QNA_COUNT,CDATETIME,UDATETIME,QNA_FILE_PATH) values (1,'user1','가구 배송은 언제 이루어지나요?','가구 배송 일정을 알고 싶습니다!',1,0,to_date('24/09/25','RR/MM/DD'),to_date('24/09/25','RR/MM/DD'),null);
Insert into ADMIN.TBL_QNA (QNA_NO,USER_ID,QNA_TITLE,QNA_CONTENTS,QNA_CATEGORY,QNA_COUNT,CDATETIME,UDATETIME,QNA_FILE_PATH) values (2,'user2','가구 조립 서비스도 제공하나요?','구매한 가구의 조립 서비스를 요청하고 싶습니다.',1,0,to_date('24/09/25','RR/MM/DD'),to_date('24/09/25','RR/MM/DD'),null);
Insert into ADMIN.TBL_QNA (QNA_NO,USER_ID,QNA_TITLE,QNA_CONTENTS,QNA_CATEGORY,QNA_COUNT,CDATETIME,UDATETIME,QNA_FILE_PATH) values (3,'user3','리클라이너 소파의 재질은 무엇인가요?','리클라이너 소파의 재질이 궁금합니다.',1,0,to_date('24/09/25','RR/MM/DD'),to_date('24/09/25','RR/MM/DD'),null);
Insert into ADMIN.TBL_QNA (QNA_NO,USER_ID,QNA_TITLE,QNA_CONTENTS,QNA_CATEGORY,QNA_COUNT,CDATETIME,UDATETIME,QNA_FILE_PATH) values (4,'user1','세일 기간은 얼마나 되나요?','현재 진행 중인 세일 기간에 대해 알고 싶습니다.',1,0,to_date('24/09/25','RR/MM/DD'),to_date('24/09/25','RR/MM/DD'),null);
Insert into ADMIN.TBL_QNA (QNA_NO,USER_ID,QNA_TITLE,QNA_CONTENTS,QNA_CATEGORY,QNA_COUNT,CDATETIME,UDATETIME,QNA_FILE_PATH) values (5,'user2','반품 정책은 어떻게 되나요?','가구를 반품하고 싶은데 절차가 궁금합니다.',1,0,to_date('24/09/25','RR/MM/DD'),to_date('24/09/25','RR/MM/DD'),null);
Insert into ADMIN.TBL_QNA (QNA_NO,USER_ID,QNA_TITLE,QNA_CONTENTS,QNA_CATEGORY,QNA_COUNT,CDATETIME,UDATETIME,QNA_FILE_PATH) values (6,'user3','의자 색상 선택이 가능한가요?','주문 시 의자의 색상 선택이 가능한지 알고 싶습니다.',1,0,to_date('24/09/25','RR/MM/DD'),to_date('24/09/25','RR/MM/DD'),null);
Insert into ADMIN.TBL_QNA (QNA_NO,USER_ID,QNA_TITLE,QNA_CONTENTS,QNA_CATEGORY,QNA_COUNT,CDATETIME,UDATETIME,QNA_FILE_PATH) values (7,'user1','재고가 있는 상품인지 확인할 수 있나요?','원하는 가구의 재고 여부를 알고 싶습니다.',1,0,to_date('24/09/25','RR/MM/DD'),to_date('24/09/25','RR/MM/DD'),null);
Insert into ADMIN.TBL_QNA (QNA_NO,USER_ID,QNA_TITLE,QNA_CONTENTS,QNA_CATEGORY,QNA_COUNT,CDATETIME,UDATETIME,QNA_FILE_PATH) values (8,'user2','가구의 보증 기간은 얼마인가요?','구매한 가구의 보증 기간에 대해 알고 싶습니다.',1,0,to_date('24/09/25','RR/MM/DD'),to_date('24/09/25','RR/MM/DD'),null);
Insert into ADMIN.TBL_QNA (QNA_NO,USER_ID,QNA_TITLE,QNA_CONTENTS,QNA_CATEGORY,QNA_COUNT,CDATETIME,UDATETIME,QNA_FILE_PATH) values (9,'user3','맞춤형 가구 제작이 가능한가요?','맞춤형 가구 제작 서비스가 있는지 궁금합니다.',1,0,to_date('24/09/25','RR/MM/DD'),to_date('24/09/25','RR/MM/DD'),null);
Insert into ADMIN.TBL_QNA (QNA_NO,USER_ID,QNA_TITLE,QNA_CONTENTS,QNA_CATEGORY,QNA_COUNT,CDATETIME,UDATETIME,QNA_FILE_PATH) values (10,'user1','결제 수단은 무엇이 있나요?','구매 시 어떤 결제 수단을 이용할 수 있는지 알고 싶습니다.',1,0,to_date('24/09/25','RR/MM/DD'),to_date('24/09/25','RR/MM/DD'),null);
Insert into ADMIN.TBL_QNA (QNA_NO,USER_ID,QNA_TITLE,QNA_CONTENTS,QNA_CATEGORY,QNA_COUNT,CDATETIME,UDATETIME,QNA_FILE_PATH) values (11,'user2','소파와 침대의 사이즈가 맞는지 궁금합니다.','소파와 침대의 사이즈 조정이 가능한지 알고 싶습니다.',1,0,to_date('24/09/25','RR/MM/DD'),to_date('24/09/25','RR/MM/DD'),null);
Insert into ADMIN.TBL_QNA (QNA_NO,USER_ID,QNA_TITLE,QNA_CONTENTS,QNA_CATEGORY,QNA_COUNT,CDATETIME,UDATETIME,QNA_FILE_PATH) values (12,'user3','가구 관리법에 대해 알고 싶어요.','가구를 잘 관리하는 방법에 대해 알고 싶습니다.',1,0,to_date('24/09/25','RR/MM/DD'),to_date('24/09/25','RR/MM/DD'),null);
Insert into ADMIN.TBL_QNA (QNA_NO,USER_ID,QNA_TITLE,QNA_CONTENTS,QNA_CATEGORY,QNA_COUNT,CDATETIME,UDATETIME,QNA_FILE_PATH) values (13,'user1','가구 배송 전 연락을 주시나요?','배송 전에 연락을 주는지 알고 싶습니다.',1,0,to_date('24/09/25','RR/MM/DD'),to_date('24/09/25','RR/MM/DD'),null);
Insert into ADMIN.TBL_QNA (QNA_NO,USER_ID,QNA_TITLE,QNA_CONTENTS,QNA_CATEGORY,QNA_COUNT,CDATETIME,UDATETIME,QNA_FILE_PATH) values (14,'user2','가구 추천을 받을 수 있을까요?','어떤 가구를 추천받을 수 있을지 궁금합니다.',1,0,to_date('24/09/25','RR/MM/DD'),to_date('24/09/25','RR/MM/DD'),null);
REM INSERTING into ADMIN.TBL_QNA_COMMENT
SET DEFINE OFF;
Insert into ADMIN.TBL_QNA_COMMENT (COMMENT_NO,QNA_NO,USER_ID,COMMENT_CONTENTS,CDATETIME,UDATETIME) values (78,14,'user1','궁금합니다.',to_date('24/10/07','RR/MM/DD'),to_date('24/10/07','RR/MM/DD'));
Insert into ADMIN.TBL_QNA_COMMENT (COMMENT_NO,QNA_NO,USER_ID,COMMENT_CONTENTS,CDATETIME,UDATETIME) values (33,3,'user1','저도 궁금합니다',to_date('24/10/01','RR/MM/DD'),to_date('24/10/01','RR/MM/DD'));
Insert into ADMIN.TBL_QNA_COMMENT (COMMENT_NO,QNA_NO,USER_ID,COMMENT_CONTENTS,CDATETIME,UDATETIME) values (82,79,'sejin1','아 왔었네요',to_date('24/10/11','RR/MM/DD'),to_date('24/10/11','RR/MM/DD'));
Insert into ADMIN.TBL_QNA_COMMENT (COMMENT_NO,QNA_NO,USER_ID,COMMENT_CONTENTS,CDATETIME,UDATETIME) values (1,8,'user1','댓글',to_date('24/09/25','RR/MM/DD'),to_date('24/09/25','RR/MM/DD'));
Insert into ADMIN.TBL_QNA_COMMENT (COMMENT_NO,QNA_NO,USER_ID,COMMENT_CONTENTS,CDATETIME,UDATETIME) values (2,1,'user1','배송이 너무 늦어지네요. 언제 올까요?',to_date('24/09/25','RR/MM/DD'),to_date('24/09/25','RR/MM/DD'));
Insert into ADMIN.TBL_QNA_COMMENT (COMMENT_NO,QNA_NO,USER_ID,COMMENT_CONTENTS,CDATETIME,UDATETIME) values (3,1,'admin','안녕하세요, 배송 관련하여 확인해보겠습니다.',to_date('24/09/25','RR/MM/DD'),to_date('24/09/25','RR/MM/DD'));
Insert into ADMIN.TBL_QNA_COMMENT (COMMENT_NO,QNA_NO,USER_ID,COMMENT_CONTENTS,CDATETIME,UDATETIME) values (4,2,'user2','의자 색상 변경이 가능한가요?',to_date('24/09/25','RR/MM/DD'),to_date('24/09/25','RR/MM/DD'));
Insert into ADMIN.TBL_QNA_COMMENT (COMMENT_NO,QNA_NO,USER_ID,COMMENT_CONTENTS,CDATETIME,UDATETIME) values (5,2,'admin','네, 색상 변경 가능합니다. 원하는 색상을 알려주세요.',to_date('24/09/25','RR/MM/DD'),to_date('24/09/25','RR/MM/DD'));
Insert into ADMIN.TBL_QNA_COMMENT (COMMENT_NO,QNA_NO,USER_ID,COMMENT_CONTENTS,CDATETIME,UDATETIME) values (6,3,'user3','소파의 재질이 어떤 건지 궁금해요.',to_date('24/09/25','RR/MM/DD'),to_date('24/09/25','RR/MM/DD'));
Insert into ADMIN.TBL_QNA_COMMENT (COMMENT_NO,QNA_NO,USER_ID,COMMENT_CONTENTS,CDATETIME,UDATETIME) values (7,3,'admin','소파의 재질은 가죽입니다. 추가 문의사항이 있으시면 말씀해 주세요.',to_date('24/09/25','RR/MM/DD'),to_date('24/09/25','RR/MM/DD'));
Insert into ADMIN.TBL_QNA_COMMENT (COMMENT_NO,QNA_NO,USER_ID,COMMENT_CONTENTS,CDATETIME,UDATETIME) values (8,4,'user1','환불 절차가 궁금합니다.',to_date('24/09/25','RR/MM/DD'),to_date('24/09/25','RR/MM/DD'));
Insert into ADMIN.TBL_QNA_COMMENT (COMMENT_NO,QNA_NO,USER_ID,COMMENT_CONTENTS,CDATETIME,UDATETIME) values (9,4,'admin','환불 절차는 간단합니다. 문의 주시면 자세히 안내해 드리겠습니다.',to_date('24/09/25','RR/MM/DD'),to_date('24/09/25','RR/MM/DD'));
Insert into ADMIN.TBL_QNA_COMMENT (COMMENT_NO,QNA_NO,USER_ID,COMMENT_CONTENTS,CDATETIME,UDATETIME) values (10,5,'user2','침대 매트리스는 어떤 것이 좋나요?',to_date('24/09/25','RR/MM/DD'),to_date('24/09/25','RR/MM/DD'));
Insert into ADMIN.TBL_QNA_COMMENT (COMMENT_NO,QNA_NO,USER_ID,COMMENT_CONTENTS,CDATETIME,UDATETIME) values (11,5,'admin','개인 취향에 따라 다르지만, 메모리폼 매트리스를 추천합니다.',to_date('24/09/25','RR/MM/DD'),to_date('24/09/25','RR/MM/DD'));
Insert into ADMIN.TBL_QNA_COMMENT (COMMENT_NO,QNA_NO,USER_ID,COMMENT_CONTENTS,CDATETIME,UDATETIME) values (12,6,'user3','가구 조립은 어떻게 하나요?',to_date('24/09/25','RR/MM/DD'),to_date('24/09/25','RR/MM/DD'));
Insert into ADMIN.TBL_QNA_COMMENT (COMMENT_NO,QNA_NO,USER_ID,COMMENT_CONTENTS,CDATETIME,UDATETIME) values (13,6,'admin','조립 설명서를 제공하니 참고해 주세요.',to_date('24/09/25','RR/MM/DD'),to_date('24/09/25','RR/MM/DD'));
Insert into ADMIN.TBL_QNA_COMMENT (COMMENT_NO,QNA_NO,USER_ID,COMMENT_CONTENTS,CDATETIME,UDATETIME) values (14,7,'user1','사이즈가 맞는지 궁금합니다.',to_date('24/09/25','RR/MM/DD'),to_date('24/09/25','RR/MM/DD'));
Insert into ADMIN.TBL_QNA_COMMENT (COMMENT_NO,QNA_NO,USER_ID,COMMENT_CONTENTS,CDATETIME,UDATETIME) values (15,8,'user2','가격 인하 소식이 있나요?',to_date('24/09/25','RR/MM/DD'),to_date('24/09/25','RR/MM/DD'));
Insert into ADMIN.TBL_QNA_COMMENT (COMMENT_NO,QNA_NO,USER_ID,COMMENT_CONTENTS,CDATETIME,UDATETIME) values (16,8,'admin','현재 가격 인하는 없습니다. 하지만 새로운 프로모션이 곧 시작될 예정입니다.',to_date('24/09/25','RR/MM/DD'),to_date('24/09/25','RR/MM/DD'));
Insert into ADMIN.TBL_QNA_COMMENT (COMMENT_NO,QNA_NO,USER_ID,COMMENT_CONTENTS,CDATETIME,UDATETIME) values (17,9,'user3','조립 서비스는 따로 요청해야 하나요?',to_date('24/09/25','RR/MM/DD'),to_date('24/09/25','RR/MM/DD'));
Insert into ADMIN.TBL_QNA_COMMENT (COMMENT_NO,QNA_NO,USER_ID,COMMENT_CONTENTS,CDATETIME,UDATETIME) values (18,9,'admin','네, 조립 서비스는 별도로 요청하셔야 합니다.',to_date('24/09/25','RR/MM/DD'),to_date('24/09/25','RR/MM/DD'));
Insert into ADMIN.TBL_QNA_COMMENT (COMMENT_NO,QNA_NO,USER_ID,COMMENT_CONTENTS,CDATETIME,UDATETIME) values (19,10,'user1','가구를 직접 보고 구매하고 싶어요.',to_date('24/09/25','RR/MM/DD'),to_date('24/09/25','RR/MM/DD'));
Insert into ADMIN.TBL_QNA_COMMENT (COMMENT_NO,QNA_NO,USER_ID,COMMENT_CONTENTS,CDATETIME,UDATETIME) values (20,10,'admin','매장 방문을 환영합니다! 언제든지 오세요.',to_date('24/09/25','RR/MM/DD'),to_date('24/09/25','RR/MM/DD'));
Insert into ADMIN.TBL_QNA_COMMENT (COMMENT_NO,QNA_NO,USER_ID,COMMENT_CONTENTS,CDATETIME,UDATETIME) values (21,11,'user2','구매한 가구의 보증 기간은 얼마인가요?',to_date('24/09/25','RR/MM/DD'),to_date('24/09/25','RR/MM/DD'));
Insert into ADMIN.TBL_QNA_COMMENT (COMMENT_NO,QNA_NO,USER_ID,COMMENT_CONTENTS,CDATETIME,UDATETIME) values (22,11,'admin','보증 기간은 1년입니다. 추가로 궁금한 점이 있으시면 말씀해 주세요.',to_date('24/09/25','RR/MM/DD'),to_date('24/09/25','RR/MM/DD'));
Insert into ADMIN.TBL_QNA_COMMENT (COMMENT_NO,QNA_NO,USER_ID,COMMENT_CONTENTS,CDATETIME,UDATETIME) values (23,12,'user3','가구 관리법에 대해 알고 싶어요.',to_date('24/09/25','RR/MM/DD'),to_date('24/09/25','RR/MM/DD'));
Insert into ADMIN.TBL_QNA_COMMENT (COMMENT_NO,QNA_NO,USER_ID,COMMENT_CONTENTS,CDATETIME,UDATETIME) values (24,12,'admin','정기적인 청소와 관리를 추천합니다.',to_date('24/09/25','RR/MM/DD'),to_date('24/09/25','RR/MM/DD'));
Insert into ADMIN.TBL_QNA_COMMENT (COMMENT_NO,QNA_NO,USER_ID,COMMENT_CONTENTS,CDATETIME,UDATETIME) values (25,13,'user1','상품이 잘 도착했어요, 감사합니다!',to_date('24/09/25','RR/MM/DD'),to_date('24/09/25','RR/MM/DD'));
Insert into ADMIN.TBL_QNA_COMMENT (COMMENT_NO,QNA_NO,USER_ID,COMMENT_CONTENTS,CDATETIME,UDATETIME) values (26,13,'admin','잘 도착하셨다니 다행입니다. 추가 문의 사항이 있으시면 언제든지 연락 주세요.',to_date('24/09/25','RR/MM/DD'),to_date('24/09/25','RR/MM/DD'));
Insert into ADMIN.TBL_QNA_COMMENT (COMMENT_NO,QNA_NO,USER_ID,COMMENT_CONTENTS,CDATETIME,UDATETIME) values (27,14,'user2','가격대에 맞는 가구 추천 부탁드립니다.',to_date('24/09/25','RR/MM/DD'),to_date('24/09/25','RR/MM/DD'));
REM INSERTING into ADMIN.TBL_USER
SET DEFINE OFF;
Insert into ADMIN.TBL_USER (USER_ID,USER_PWD,USER_ZIP_CODE,USER_ADDR,USER_PHONE,USER_EMAIL,USER_NAME,USER_BIRTH,USER_AUTH,EVENT_ROUL,EVENT_CHECK) values ('admin','admin','21404','인천 부평구 경원대로 1366 스테이션타워 7F','01012345678','admin@example.com','관리자',to_date('80/03/03','RR/MM/DD'),'2','Y','Y');
Insert into ADMIN.TBL_USER (USER_ID,USER_PWD,USER_ZIP_CODE,USER_ADDR,USER_PHONE,USER_EMAIL,USER_NAME,USER_BIRTH,USER_AUTH,EVENT_ROUL,EVENT_CHECK) values ('user1','user1','21404','인천 부평구 경원대로 1366 7층','01087419093','hong1234@naver.com','홍길동',to_date('91/04/03','RR/MM/DD'),'1','Y','Y');
Insert into ADMIN.TBL_USER (USER_ID,USER_PWD,USER_ZIP_CODE,USER_ADDR,USER_PHONE,USER_EMAIL,USER_NAME,USER_BIRTH,USER_AUTH,EVENT_ROUL,EVENT_CHECK) values ('user3','user3','21404','인천 부평구 경원대로 1366 스테이션타워 7F','01012345678','user3@example.com','박영희',to_date('96/08/23','RR/MM/DD'),'1','Y','Y');
Insert into ADMIN.TBL_USER (USER_ID,USER_PWD,USER_ZIP_CODE,USER_ADDR,USER_PHONE,USER_EMAIL,USER_NAME,USER_BIRTH,USER_AUTH,EVENT_ROUL,EVENT_CHECK) values ('user2','user2','21404','인천 부평구 경원대로 1366 스테이션타워 7F','01012341234','user2@example.com','김철수',to_date('92/04/03','RR/MM/DD'),'1','Y','Y');
Insert into ADMIN.TBL_USER (USER_ID,USER_PWD,USER_ZIP_CODE,USER_ADDR,USER_PHONE,USER_EMAIL,USER_NAME,USER_BIRTH,USER_AUTH,EVENT_ROUL,EVENT_CHECK) values ('wjseka0818','eka9093#eka','14507','경기 부천시 원미구 계남로 71 우리집','01087419093','jeondam0818@gmail.com','전담',to_date('24/10/11','RR/MM/DD'),'1','Y','Y');
Insert into ADMIN.TBL_USER (USER_ID,USER_PWD,USER_ZIP_CODE,USER_ADDR,USER_PHONE,USER_EMAIL,USER_NAME,USER_BIRTH,USER_AUTH,EVENT_ROUL,EVENT_CHECK) values ('sejin1','1234','23019','인천 강화군 송해면 강화대로665번길 11 우리집','010123456789','sejin@sejin.com','세진',to_date('16/12/31','RR/MM/DD'),'1','Y','Y');
--------------------------------------------------------
--  DDL for Index SYS_C006410
--------------------------------------------------------

  CREATE UNIQUE INDEX "ADMIN"."SYS_C006410" ON "ADMIN"."TBL_AUCTION" ("AUCTION_NO") 
  PCTFREE 10 INITRANS 2 MAXTRANS 255 COMPUTE STATISTICS 
  STORAGE(INITIAL 65536 NEXT 1048576 MINEXTENTS 1 MAXEXTENTS 2147483645
  PCTINCREASE 0 FREELISTS 1 FREELIST GROUPS 1
  BUFFER_POOL DEFAULT FLASH_CACHE DEFAULT CELL_FLASH_CACHE DEFAULT)
  TABLESPACE "USERS" ;
--------------------------------------------------------
--  DDL for Index SYS_C006499
--------------------------------------------------------

  CREATE UNIQUE INDEX "ADMIN"."SYS_C006499" ON "ADMIN"."TBL_AUCTION_BIDDING" ("AUCTION_BIDDING_NO") 
  PCTFREE 10 INITRANS 2 MAXTRANS 255 COMPUTE STATISTICS 
  STORAGE(INITIAL 65536 NEXT 1048576 MINEXTENTS 1 MAXEXTENTS 2147483645
  PCTINCREASE 0 FREELISTS 1 FREELIST GROUPS 1
  BUFFER_POOL DEFAULT FLASH_CACHE DEFAULT CELL_FLASH_CACHE DEFAULT)
  TABLESPACE "USERS" ;
--------------------------------------------------------
--  DDL for Index SYS_C006411
--------------------------------------------------------

  CREATE UNIQUE INDEX "ADMIN"."SYS_C006411" ON "ADMIN"."TBL_AUCTION_IMG" ("AUCTION_IMG_NO") 
  PCTFREE 10 INITRANS 2 MAXTRANS 255 COMPUTE STATISTICS 
  STORAGE(INITIAL 65536 NEXT 1048576 MINEXTENTS 1 MAXEXTENTS 2147483645
  PCTINCREASE 0 FREELISTS 1 FREELIST GROUPS 1
  BUFFER_POOL DEFAULT FLASH_CACHE DEFAULT CELL_FLASH_CACHE DEFAULT)
  TABLESPACE "USERS" ;
--------------------------------------------------------
--  DDL for Index SYS_C006655
--------------------------------------------------------

  CREATE UNIQUE INDEX "ADMIN"."SYS_C006655" ON "ADMIN"."TBL_CUSTOM" ("CUSTOM_NO") 
  PCTFREE 10 INITRANS 2 MAXTRANS 255 COMPUTE STATISTICS 
  STORAGE(INITIAL 65536 NEXT 1048576 MINEXTENTS 1 MAXEXTENTS 2147483645
  PCTINCREASE 0 FREELISTS 1 FREELIST GROUPS 1
  BUFFER_POOL DEFAULT FLASH_CACHE DEFAULT CELL_FLASH_CACHE DEFAULT)
  TABLESPACE "USERS" ;
--------------------------------------------------------
--  DDL for Index SYS_C006541
--------------------------------------------------------

  CREATE UNIQUE INDEX "ADMIN"."SYS_C006541" ON "ADMIN"."TBL_DELIVERY_CATE" ("CATE_NO") 
  PCTFREE 10 INITRANS 2 MAXTRANS 255 COMPUTE STATISTICS 
  STORAGE(INITIAL 65536 NEXT 1048576 MINEXTENTS 1 MAXEXTENTS 2147483645
  PCTINCREASE 0 FREELISTS 1 FREELIST GROUPS 1
  BUFFER_POOL DEFAULT FLASH_CACHE DEFAULT CELL_FLASH_CACHE DEFAULT)
  TABLESPACE "USERS" ;
--------------------------------------------------------
--  DDL for Index SYS_C006483
--------------------------------------------------------

  CREATE UNIQUE INDEX "ADMIN"."SYS_C006483" ON "ADMIN"."TBL_DESIGN" ("DESIGN_NO") 
  PCTFREE 10 INITRANS 2 MAXTRANS 255 COMPUTE STATISTICS 
  STORAGE(INITIAL 65536 NEXT 1048576 MINEXTENTS 1 MAXEXTENTS 2147483645
  PCTINCREASE 0 FREELISTS 1 FREELIST GROUPS 1
  BUFFER_POOL DEFAULT FLASH_CACHE DEFAULT CELL_FLASH_CACHE DEFAULT)
  TABLESPACE "USERS" ;
--------------------------------------------------------
--  DDL for Index SYS_C006484
--------------------------------------------------------

  CREATE UNIQUE INDEX "ADMIN"."SYS_C006484" ON "ADMIN"."TBL_DESIGN_LIKE" ("LIKE_NO") 
  PCTFREE 10 INITRANS 2 MAXTRANS 255 COMPUTE STATISTICS 
  STORAGE(INITIAL 65536 NEXT 1048576 MINEXTENTS 1 MAXEXTENTS 2147483645
  PCTINCREASE 0 FREELISTS 1 FREELIST GROUPS 1
  BUFFER_POOL DEFAULT FLASH_CACHE DEFAULT CELL_FLASH_CACHE DEFAULT)
  TABLESPACE "USERS" ;
--------------------------------------------------------
--  DDL for Index SYS_C006413
--------------------------------------------------------

  CREATE UNIQUE INDEX "ADMIN"."SYS_C006413" ON "ADMIN"."TBL_MILEAGE" ("MILEAGE_NO") 
  PCTFREE 10 INITRANS 2 MAXTRANS 255 COMPUTE STATISTICS 
  STORAGE(INITIAL 65536 NEXT 1048576 MINEXTENTS 1 MAXEXTENTS 2147483645
  PCTINCREASE 0 FREELISTS 1 FREELIST GROUPS 1
  BUFFER_POOL DEFAULT FLASH_CACHE DEFAULT CELL_FLASH_CACHE DEFAULT)
  TABLESPACE "USERS" ;
--------------------------------------------------------
--  DDL for Index TBL_ONEDAYFILE_PK
--------------------------------------------------------

  CREATE UNIQUE INDEX "ADMIN"."TBL_ONEDAYFILE_PK" ON "ADMIN"."TBL_ONEDAYFILE" ("FILE_NO", "FILE_NAME") 
  PCTFREE 10 INITRANS 2 MAXTRANS 255 COMPUTE STATISTICS 
  STORAGE(INITIAL 65536 NEXT 1048576 MINEXTENTS 1 MAXEXTENTS 2147483645
  PCTINCREASE 0 FREELISTS 1 FREELIST GROUPS 1
  BUFFER_POOL DEFAULT FLASH_CACHE DEFAULT CELL_FLASH_CACHE DEFAULT)
  TABLESPACE "USERS" ;
--------------------------------------------------------
--  DDL for Index SYS_C006637
--------------------------------------------------------

  CREATE UNIQUE INDEX "ADMIN"."SYS_C006637" ON "ADMIN"."TBL_PAYMENT" ("PAYMENT_NO") 
  PCTFREE 10 INITRANS 2 MAXTRANS 255 COMPUTE STATISTICS 
  STORAGE(INITIAL 65536 NEXT 1048576 MINEXTENTS 1 MAXEXTENTS 2147483645
  PCTINCREASE 0 FREELISTS 1 FREELIST GROUPS 1
  BUFFER_POOL DEFAULT FLASH_CACHE DEFAULT CELL_FLASH_CACHE DEFAULT)
  TABLESPACE "USERS" ;
--------------------------------------------------------
--  DDL for Index TBL_PRODUCT_PK1
--------------------------------------------------------

  CREATE UNIQUE INDEX "ADMIN"."TBL_PRODUCT_PK1" ON "ADMIN"."TBL_PRODUCT" ("PRODUCT_NO") 
  PCTFREE 10 INITRANS 2 MAXTRANS 255 COMPUTE STATISTICS 
  STORAGE(INITIAL 65536 NEXT 1048576 MINEXTENTS 1 MAXEXTENTS 2147483645
  PCTINCREASE 0 FREELISTS 1 FREELIST GROUPS 1
  BUFFER_POOL DEFAULT FLASH_CACHE DEFAULT CELL_FLASH_CACHE DEFAULT)
  TABLESPACE "USERS" ;
--------------------------------------------------------
--  DDL for Index SYS_C006624
--------------------------------------------------------

  CREATE UNIQUE INDEX "ADMIN"."SYS_C006624" ON "ADMIN"."TBL_PRODUCT_CART" ("CART_NO") 
  PCTFREE 10 INITRANS 2 MAXTRANS 255 COMPUTE STATISTICS 
  STORAGE(INITIAL 65536 NEXT 1048576 MINEXTENTS 1 MAXEXTENTS 2147483645
  PCTINCREASE 0 FREELISTS 1 FREELIST GROUPS 1
  BUFFER_POOL DEFAULT FLASH_CACHE DEFAULT CELL_FLASH_CACHE DEFAULT)
  TABLESPACE "USERS" ;
--------------------------------------------------------
--  DDL for Index SYS_C006310
--------------------------------------------------------

  CREATE UNIQUE INDEX "ADMIN"."SYS_C006310" ON "ADMIN"."TBL_PRODUCT_CATE" ("CATE_NO") 
  PCTFREE 10 INITRANS 2 MAXTRANS 255 COMPUTE STATISTICS 
  STORAGE(INITIAL 65536 NEXT 1048576 MINEXTENTS 1 MAXEXTENTS 2147483645
  PCTINCREASE 0 FREELISTS 1 FREELIST GROUPS 1
  BUFFER_POOL DEFAULT FLASH_CACHE DEFAULT CELL_FLASH_CACHE DEFAULT)
  TABLESPACE "USERS" ;
--------------------------------------------------------
--  DDL for Index TBL_PRODUCT_IMG_PK
--------------------------------------------------------

  CREATE UNIQUE INDEX "ADMIN"."TBL_PRODUCT_IMG_PK" ON "ADMIN"."TBL_PRODUCT_IMG" ("PRODUCT_NO") 
  PCTFREE 10 INITRANS 2 MAXTRANS 255 COMPUTE STATISTICS 
  STORAGE(INITIAL 65536 NEXT 1048576 MINEXTENTS 1 MAXEXTENTS 2147483645
  PCTINCREASE 0 FREELISTS 1 FREELIST GROUPS 1
  BUFFER_POOL DEFAULT FLASH_CACHE DEFAULT CELL_FLASH_CACHE DEFAULT)
  TABLESPACE "USERS" ;
--------------------------------------------------------
--  DDL for Index SYS_C006474
--------------------------------------------------------

  CREATE UNIQUE INDEX "ADMIN"."SYS_C006474" ON "ADMIN"."TBL_PRODUCT_ORDER" ("PAY_NO") 
  PCTFREE 10 INITRANS 2 MAXTRANS 255 COMPUTE STATISTICS 
  STORAGE(INITIAL 65536 NEXT 1048576 MINEXTENTS 1 MAXEXTENTS 2147483645
  PCTINCREASE 0 FREELISTS 1 FREELIST GROUPS 1
  BUFFER_POOL DEFAULT FLASH_CACHE DEFAULT CELL_FLASH_CACHE DEFAULT)
  TABLESPACE "USERS" ;
--------------------------------------------------------
--  DDL for Index SYS_C006482
--------------------------------------------------------

  CREATE UNIQUE INDEX "ADMIN"."SYS_C006482" ON "ADMIN"."TBL_PRODUCT_REVIEW" ("REVIEW_NO") 
  PCTFREE 10 INITRANS 2 MAXTRANS 255 COMPUTE STATISTICS 
  STORAGE(INITIAL 65536 NEXT 1048576 MINEXTENTS 1 MAXEXTENTS 2147483645
  PCTINCREASE 0 FREELISTS 1 FREELIST GROUPS 1
  BUFFER_POOL DEFAULT FLASH_CACHE DEFAULT CELL_FLASH_CACHE DEFAULT)
  TABLESPACE "USERS" ;
--------------------------------------------------------
--  DDL for Index SYS_C006570
--------------------------------------------------------

  CREATE UNIQUE INDEX "ADMIN"."SYS_C006570" ON "ADMIN"."TBL_QNA" ("QNA_NO") 
  PCTFREE 10 INITRANS 2 MAXTRANS 255 COMPUTE STATISTICS 
  STORAGE(INITIAL 65536 NEXT 1048576 MINEXTENTS 1 MAXEXTENTS 2147483645
  PCTINCREASE 0 FREELISTS 1 FREELIST GROUPS 1
  BUFFER_POOL DEFAULT FLASH_CACHE DEFAULT CELL_FLASH_CACHE DEFAULT)
  TABLESPACE "USERS" ;
--------------------------------------------------------
--  DDL for Index SYS_C006573
--------------------------------------------------------

  CREATE UNIQUE INDEX "ADMIN"."SYS_C006573" ON "ADMIN"."TBL_QNA_COMMENT" ("COMMENT_NO") 
  PCTFREE 10 INITRANS 2 MAXTRANS 255 COMPUTE STATISTICS 
  STORAGE(INITIAL 65536 NEXT 1048576 MINEXTENTS 1 MAXEXTENTS 2147483645
  PCTINCREASE 0 FREELISTS 1 FREELIST GROUPS 1
  BUFFER_POOL DEFAULT FLASH_CACHE DEFAULT CELL_FLASH_CACHE DEFAULT)
  TABLESPACE "USERS" ;
--------------------------------------------------------
--  DDL for Index TBL_USER_PK
--------------------------------------------------------

  CREATE UNIQUE INDEX "ADMIN"."TBL_USER_PK" ON "ADMIN"."TBL_USER" ("USER_ID") 
  PCTFREE 10 INITRANS 2 MAXTRANS 255 COMPUTE STATISTICS 
  STORAGE(INITIAL 65536 NEXT 1048576 MINEXTENTS 1 MAXEXTENTS 2147483645
  PCTINCREASE 0 FREELISTS 1 FREELIST GROUPS 1
  BUFFER_POOL DEFAULT FLASH_CACHE DEFAULT CELL_FLASH_CACHE DEFAULT)
  TABLESPACE "USERS" ;
--------------------------------------------------------
--  Constraints for Table TBL_AUCTION
--------------------------------------------------------

  ALTER TABLE "ADMIN"."TBL_AUCTION" ADD PRIMARY KEY ("AUCTION_NO")
  USING INDEX PCTFREE 10 INITRANS 2 MAXTRANS 255 COMPUTE STATISTICS 
  STORAGE(INITIAL 65536 NEXT 1048576 MINEXTENTS 1 MAXEXTENTS 2147483645
  PCTINCREASE 0 FREELISTS 1 FREELIST GROUPS 1
  BUFFER_POOL DEFAULT FLASH_CACHE DEFAULT CELL_FLASH_CACHE DEFAULT)
  TABLESPACE "USERS"  ENABLE;
  ALTER TABLE "ADMIN"."TBL_AUCTION" MODIFY ("AUCTION_TITLE" NOT NULL ENABLE);
  ALTER TABLE "ADMIN"."TBL_AUCTION" MODIFY ("AUCTION_PRICE" NOT NULL ENABLE);
  ALTER TABLE "ADMIN"."TBL_AUCTION" MODIFY ("START_DAY" NOT NULL ENABLE);
  ALTER TABLE "ADMIN"."TBL_AUCTION" MODIFY ("END_DAY" NOT NULL ENABLE);
--------------------------------------------------------
--  Constraints for Table TBL_AUCTION_BIDDING
--------------------------------------------------------

  ALTER TABLE "ADMIN"."TBL_AUCTION_BIDDING" MODIFY ("AUCTION_NO" NOT NULL ENABLE);
  ALTER TABLE "ADMIN"."TBL_AUCTION_BIDDING" MODIFY ("AUCTION_BIDDING_PRICE" NOT NULL ENABLE);
  ALTER TABLE "ADMIN"."TBL_AUCTION_BIDDING" ADD PRIMARY KEY ("AUCTION_BIDDING_NO")
  USING INDEX PCTFREE 10 INITRANS 2 MAXTRANS 255 COMPUTE STATISTICS 
  STORAGE(INITIAL 65536 NEXT 1048576 MINEXTENTS 1 MAXEXTENTS 2147483645
  PCTINCREASE 0 FREELISTS 1 FREELIST GROUPS 1
  BUFFER_POOL DEFAULT FLASH_CACHE DEFAULT CELL_FLASH_CACHE DEFAULT)
  TABLESPACE "USERS"  ENABLE;
--------------------------------------------------------
--  Constraints for Table TBL_AUCTION_IMG
--------------------------------------------------------

  ALTER TABLE "ADMIN"."TBL_AUCTION_IMG" ADD PRIMARY KEY ("AUCTION_IMG_NO")
  USING INDEX PCTFREE 10 INITRANS 2 MAXTRANS 255 COMPUTE STATISTICS 
  STORAGE(INITIAL 65536 NEXT 1048576 MINEXTENTS 1 MAXEXTENTS 2147483645
  PCTINCREASE 0 FREELISTS 1 FREELIST GROUPS 1
  BUFFER_POOL DEFAULT FLASH_CACHE DEFAULT CELL_FLASH_CACHE DEFAULT)
  TABLESPACE "USERS"  ENABLE;
--------------------------------------------------------
--  Constraints for Table TBL_CUSTOM
--------------------------------------------------------

  ALTER TABLE "ADMIN"."TBL_CUSTOM" ADD PRIMARY KEY ("CUSTOM_NO")
  USING INDEX PCTFREE 10 INITRANS 2 MAXTRANS 255 COMPUTE STATISTICS 
  STORAGE(INITIAL 65536 NEXT 1048576 MINEXTENTS 1 MAXEXTENTS 2147483645
  PCTINCREASE 0 FREELISTS 1 FREELIST GROUPS 1
  BUFFER_POOL DEFAULT FLASH_CACHE DEFAULT CELL_FLASH_CACHE DEFAULT)
  TABLESPACE "USERS"  ENABLE;
--------------------------------------------------------
--  Constraints for Table TBL_DELIVERY_CATE
--------------------------------------------------------

  ALTER TABLE "ADMIN"."TBL_DELIVERY_CATE" ADD PRIMARY KEY ("CATE_NO")
  USING INDEX PCTFREE 10 INITRANS 2 MAXTRANS 255 COMPUTE STATISTICS 
  STORAGE(INITIAL 65536 NEXT 1048576 MINEXTENTS 1 MAXEXTENTS 2147483645
  PCTINCREASE 0 FREELISTS 1 FREELIST GROUPS 1
  BUFFER_POOL DEFAULT FLASH_CACHE DEFAULT CELL_FLASH_CACHE DEFAULT)
  TABLESPACE "USERS"  ENABLE;
--------------------------------------------------------
--  Constraints for Table TBL_DESIGN
--------------------------------------------------------

  ALTER TABLE "ADMIN"."TBL_DESIGN" ADD PRIMARY KEY ("DESIGN_NO")
  USING INDEX PCTFREE 10 INITRANS 2 MAXTRANS 255 COMPUTE STATISTICS 
  STORAGE(INITIAL 65536 NEXT 1048576 MINEXTENTS 1 MAXEXTENTS 2147483645
  PCTINCREASE 0 FREELISTS 1 FREELIST GROUPS 1
  BUFFER_POOL DEFAULT FLASH_CACHE DEFAULT CELL_FLASH_CACHE DEFAULT)
  TABLESPACE "USERS"  ENABLE;
--------------------------------------------------------
--  Constraints for Table TBL_DESIGN_LIKE
--------------------------------------------------------

  ALTER TABLE "ADMIN"."TBL_DESIGN_LIKE" ADD PRIMARY KEY ("LIKE_NO")
  USING INDEX PCTFREE 10 INITRANS 2 MAXTRANS 255 COMPUTE STATISTICS 
  STORAGE(INITIAL 65536 NEXT 1048576 MINEXTENTS 1 MAXEXTENTS 2147483645
  PCTINCREASE 0 FREELISTS 1 FREELIST GROUPS 1
  BUFFER_POOL DEFAULT FLASH_CACHE DEFAULT CELL_FLASH_CACHE DEFAULT)
  TABLESPACE "USERS"  ENABLE;
--------------------------------------------------------
--  Constraints for Table TBL_MILEAGE
--------------------------------------------------------

  ALTER TABLE "ADMIN"."TBL_MILEAGE" ADD PRIMARY KEY ("MILEAGE_NO")
  USING INDEX PCTFREE 10 INITRANS 2 MAXTRANS 255 COMPUTE STATISTICS 
  STORAGE(INITIAL 65536 NEXT 1048576 MINEXTENTS 1 MAXEXTENTS 2147483645
  PCTINCREASE 0 FREELISTS 1 FREELIST GROUPS 1
  BUFFER_POOL DEFAULT FLASH_CACHE DEFAULT CELL_FLASH_CACHE DEFAULT)
  TABLESPACE "USERS"  ENABLE;
--------------------------------------------------------
--  Constraints for Table TBL_ONEDAYFILE
--------------------------------------------------------

  ALTER TABLE "ADMIN"."TBL_ONEDAYFILE" MODIFY ("FILE_NAME" NOT NULL ENABLE);
  ALTER TABLE "ADMIN"."TBL_ONEDAYFILE" MODIFY ("FILE_NO" NOT NULL ENABLE);
  ALTER TABLE "ADMIN"."TBL_ONEDAYFILE" ADD CONSTRAINT "TBL_ONEDAYFILE_PK" PRIMARY KEY ("FILE_NO", "FILE_NAME")
  USING INDEX PCTFREE 10 INITRANS 2 MAXTRANS 255 COMPUTE STATISTICS 
  STORAGE(INITIAL 65536 NEXT 1048576 MINEXTENTS 1 MAXEXTENTS 2147483645
  PCTINCREASE 0 FREELISTS 1 FREELIST GROUPS 1
  BUFFER_POOL DEFAULT FLASH_CACHE DEFAULT CELL_FLASH_CACHE DEFAULT)
  TABLESPACE "USERS"  ENABLE;
--------------------------------------------------------
--  Constraints for Table TBL_PARTICIPANT
--------------------------------------------------------

  ALTER TABLE "ADMIN"."TBL_PARTICIPANT" MODIFY ("USER_ID" NOT NULL ENABLE);
  ALTER TABLE "ADMIN"."TBL_PARTICIPANT" MODIFY ("COUNT" NOT NULL ENABLE);
--------------------------------------------------------
--  Constraints for Table TBL_PAYMENT
--------------------------------------------------------

  ALTER TABLE "ADMIN"."TBL_PAYMENT" ADD PRIMARY KEY ("PAYMENT_NO")
  USING INDEX PCTFREE 10 INITRANS 2 MAXTRANS 255 COMPUTE STATISTICS 
  STORAGE(INITIAL 65536 NEXT 1048576 MINEXTENTS 1 MAXEXTENTS 2147483645
  PCTINCREASE 0 FREELISTS 1 FREELIST GROUPS 1
  BUFFER_POOL DEFAULT FLASH_CACHE DEFAULT CELL_FLASH_CACHE DEFAULT)
  TABLESPACE "USERS"  ENABLE;
--------------------------------------------------------
--  Constraints for Table TBL_PRODUCT
--------------------------------------------------------

  ALTER TABLE "ADMIN"."TBL_PRODUCT" MODIFY ("PRODUCT_NO" NOT NULL ENABLE);
  ALTER TABLE "ADMIN"."TBL_PRODUCT" MODIFY ("PRODUCT_NAME" NOT NULL ENABLE);
  ALTER TABLE "ADMIN"."TBL_PRODUCT" MODIFY ("PRODUCT_PRICE" NOT NULL ENABLE);
  ALTER TABLE "ADMIN"."TBL_PRODUCT" ADD CONSTRAINT "TBL_PRODUCT_PK" PRIMARY KEY ("PRODUCT_NO")
  USING INDEX (CREATE UNIQUE INDEX "ADMIN"."TBL_PRODUCT_PK1" ON "ADMIN"."TBL_PRODUCT" ("PRODUCT_NO") 
  PCTFREE 10 INITRANS 2 MAXTRANS 255 COMPUTE STATISTICS 
  STORAGE(INITIAL 65536 NEXT 1048576 MINEXTENTS 1 MAXEXTENTS 2147483645
  PCTINCREASE 0 FREELISTS 1 FREELIST GROUPS 1
  BUFFER_POOL DEFAULT FLASH_CACHE DEFAULT CELL_FLASH_CACHE DEFAULT)
  TABLESPACE "USERS" )  ENABLE;
--------------------------------------------------------
--  Constraints for Table TBL_PRODUCT_CART
--------------------------------------------------------

  ALTER TABLE "ADMIN"."TBL_PRODUCT_CART" ADD PRIMARY KEY ("CART_NO")
  USING INDEX PCTFREE 10 INITRANS 2 MAXTRANS 255 COMPUTE STATISTICS 
  STORAGE(INITIAL 65536 NEXT 1048576 MINEXTENTS 1 MAXEXTENTS 2147483645
  PCTINCREASE 0 FREELISTS 1 FREELIST GROUPS 1
  BUFFER_POOL DEFAULT FLASH_CACHE DEFAULT CELL_FLASH_CACHE DEFAULT)
  TABLESPACE "USERS"  ENABLE;
--------------------------------------------------------
--  Constraints for Table TBL_PRODUCT_CATE
--------------------------------------------------------

  ALTER TABLE "ADMIN"."TBL_PRODUCT_CATE" ADD PRIMARY KEY ("CATE_NO")
  USING INDEX PCTFREE 10 INITRANS 2 MAXTRANS 255 COMPUTE STATISTICS 
  STORAGE(INITIAL 65536 NEXT 1048576 MINEXTENTS 1 MAXEXTENTS 2147483645
  PCTINCREASE 0 FREELISTS 1 FREELIST GROUPS 1
  BUFFER_POOL DEFAULT FLASH_CACHE DEFAULT CELL_FLASH_CACHE DEFAULT)
  TABLESPACE "USERS"  ENABLE;
--------------------------------------------------------
--  Constraints for Table TBL_PRODUCT_IMG
--------------------------------------------------------

  ALTER TABLE "ADMIN"."TBL_PRODUCT_IMG" MODIFY ("PRODUCT_NO" NOT NULL ENABLE);
  ALTER TABLE "ADMIN"."TBL_PRODUCT_IMG" ADD CONSTRAINT "TBL_PRODUCT_IMG_PK" PRIMARY KEY ("PRODUCT_NO")
  USING INDEX PCTFREE 10 INITRANS 2 MAXTRANS 255 COMPUTE STATISTICS 
  STORAGE(INITIAL 65536 NEXT 1048576 MINEXTENTS 1 MAXEXTENTS 2147483645
  PCTINCREASE 0 FREELISTS 1 FREELIST GROUPS 1
  BUFFER_POOL DEFAULT FLASH_CACHE DEFAULT CELL_FLASH_CACHE DEFAULT)
  TABLESPACE "USERS"  ENABLE;
--------------------------------------------------------
--  Constraints for Table TBL_PRODUCT_ORDER
--------------------------------------------------------

  ALTER TABLE "ADMIN"."TBL_PRODUCT_ORDER" MODIFY ("PAY_NO" NOT NULL ENABLE);
  ALTER TABLE "ADMIN"."TBL_PRODUCT_ORDER" MODIFY ("ORDER_ID" NOT NULL ENABLE);
  ALTER TABLE "ADMIN"."TBL_PRODUCT_ORDER" MODIFY ("PRODUCT_NO" NOT NULL ENABLE);
  ALTER TABLE "ADMIN"."TBL_PRODUCT_ORDER" MODIFY ("USER_ID" NOT NULL ENABLE);
  ALTER TABLE "ADMIN"."TBL_PRODUCT_ORDER" MODIFY ("ORDER_COUNT" NOT NULL ENABLE);
  ALTER TABLE "ADMIN"."TBL_PRODUCT_ORDER" MODIFY ("PRODUCT_PRICE" NOT NULL ENABLE);
  ALTER TABLE "ADMIN"."TBL_PRODUCT_ORDER" ADD PRIMARY KEY ("PAY_NO")
  USING INDEX PCTFREE 10 INITRANS 2 MAXTRANS 255 COMPUTE STATISTICS 
  STORAGE(INITIAL 65536 NEXT 1048576 MINEXTENTS 1 MAXEXTENTS 2147483645
  PCTINCREASE 0 FREELISTS 1 FREELIST GROUPS 1
  BUFFER_POOL DEFAULT FLASH_CACHE DEFAULT CELL_FLASH_CACHE DEFAULT)
  TABLESPACE "USERS"  ENABLE;
--------------------------------------------------------
--  Constraints for Table TBL_PRODUCT_REVIEW
--------------------------------------------------------

  ALTER TABLE "ADMIN"."TBL_PRODUCT_REVIEW" ADD CHECK (REVIEW_RATING BETWEEN 1 AND 5) ENABLE;
  ALTER TABLE "ADMIN"."TBL_PRODUCT_REVIEW" ADD PRIMARY KEY ("REVIEW_NO")
  USING INDEX PCTFREE 10 INITRANS 2 MAXTRANS 255 COMPUTE STATISTICS 
  STORAGE(INITIAL 65536 NEXT 1048576 MINEXTENTS 1 MAXEXTENTS 2147483645
  PCTINCREASE 0 FREELISTS 1 FREELIST GROUPS 1
  BUFFER_POOL DEFAULT FLASH_CACHE DEFAULT CELL_FLASH_CACHE DEFAULT)
  TABLESPACE "USERS"  ENABLE;
--------------------------------------------------------
--  Constraints for Table TBL_QNA
--------------------------------------------------------

  ALTER TABLE "ADMIN"."TBL_QNA" MODIFY ("USER_ID" NOT NULL ENABLE);
  ALTER TABLE "ADMIN"."TBL_QNA" MODIFY ("QNA_TITLE" NOT NULL ENABLE);
  ALTER TABLE "ADMIN"."TBL_QNA" MODIFY ("QNA_CONTENTS" NOT NULL ENABLE);
  ALTER TABLE "ADMIN"."TBL_QNA" MODIFY ("QNA_CATEGORY" NOT NULL ENABLE);
  ALTER TABLE "ADMIN"."TBL_QNA" ADD PRIMARY KEY ("QNA_NO")
  USING INDEX PCTFREE 10 INITRANS 2 MAXTRANS 255 COMPUTE STATISTICS 
  STORAGE(INITIAL 65536 NEXT 1048576 MINEXTENTS 1 MAXEXTENTS 2147483645
  PCTINCREASE 0 FREELISTS 1 FREELIST GROUPS 1
  BUFFER_POOL DEFAULT FLASH_CACHE DEFAULT CELL_FLASH_CACHE DEFAULT)
  TABLESPACE "USERS"  ENABLE;
--------------------------------------------------------
--  Constraints for Table TBL_QNA_COMMENT
--------------------------------------------------------

  ALTER TABLE "ADMIN"."TBL_QNA_COMMENT" MODIFY ("QNA_NO" NOT NULL ENABLE);
  ALTER TABLE "ADMIN"."TBL_QNA_COMMENT" MODIFY ("COMMENT_CONTENTS" NOT NULL ENABLE);
  ALTER TABLE "ADMIN"."TBL_QNA_COMMENT" ADD PRIMARY KEY ("COMMENT_NO")
  USING INDEX PCTFREE 10 INITRANS 2 MAXTRANS 255 COMPUTE STATISTICS 
  STORAGE(INITIAL 65536 NEXT 1048576 MINEXTENTS 1 MAXEXTENTS 2147483645
  PCTINCREASE 0 FREELISTS 1 FREELIST GROUPS 1
  BUFFER_POOL DEFAULT FLASH_CACHE DEFAULT CELL_FLASH_CACHE DEFAULT)
  TABLESPACE "USERS"  ENABLE;
--------------------------------------------------------
--  Constraints for Table TBL_USER
--------------------------------------------------------

  ALTER TABLE "ADMIN"."TBL_USER" MODIFY ("USER_ID" NOT NULL ENABLE);
  ALTER TABLE "ADMIN"."TBL_USER" MODIFY ("USER_PWD" NOT NULL ENABLE);
  ALTER TABLE "ADMIN"."TBL_USER" MODIFY ("USER_ADDR" NOT NULL ENABLE);
  ALTER TABLE "ADMIN"."TBL_USER" MODIFY ("USER_PHONE" NOT NULL ENABLE);
  ALTER TABLE "ADMIN"."TBL_USER" MODIFY ("USER_EMAIL" NOT NULL ENABLE);
  ALTER TABLE "ADMIN"."TBL_USER" MODIFY ("USER_NAME" NOT NULL ENABLE);
  ALTER TABLE "ADMIN"."TBL_USER" ADD CONSTRAINT "TBL_USER_PK" PRIMARY KEY ("USER_ID")
  USING INDEX PCTFREE 10 INITRANS 2 MAXTRANS 255 COMPUTE STATISTICS 
  STORAGE(INITIAL 65536 NEXT 1048576 MINEXTENTS 1 MAXEXTENTS 2147483645
  PCTINCREASE 0 FREELISTS 1 FREELIST GROUPS 1
  BUFFER_POOL DEFAULT FLASH_CACHE DEFAULT CELL_FLASH_CACHE DEFAULT)
  TABLESPACE "USERS"  ENABLE;
--------------------------------------------------------
--  Ref Constraints for Table TBL_AUCTION_BIDDING
--------------------------------------------------------

  ALTER TABLE "ADMIN"."TBL_AUCTION_BIDDING" ADD CONSTRAINT "FK_AUCTION" FOREIGN KEY ("AUCTION_NO")
	  REFERENCES "ADMIN"."TBL_AUCTION" ("AUCTION_NO") ENABLE;
--------------------------------------------------------
--  Ref Constraints for Table TBL_AUCTION_IMG
--------------------------------------------------------

  ALTER TABLE "ADMIN"."TBL_AUCTION_IMG" ADD FOREIGN KEY ("AUCTION_NO")
	  REFERENCES "ADMIN"."TBL_AUCTION" ("AUCTION_NO") ENABLE;
--------------------------------------------------------
--  Ref Constraints for Table TBL_QNA_COMMENT
--------------------------------------------------------

  ALTER TABLE "ADMIN"."TBL_QNA_COMMENT" ADD FOREIGN KEY ("QNA_NO")
	  REFERENCES "ADMIN"."TBL_QNA" ("QNA_NO") ENABLE;
